squad_player,squad_player_norm,fbref_player,fbref_player_norm,score,method,status
Edmond Tapsoba,edmond tapsoba,Edmond Tapsoba,edmond tapsoba,100.0,exact_match,matched
Jeanuël Belocian,jeanuel belocian,Jeanuël Belocian,jeanuel belocian,100.0,exact_match,matched
Alejandro Grimaldo,alejandro grimaldo,Álex Grimaldo,alex grimaldo,100.0,manual_mapping,matched
Arthur,arthur,Arthur,arthur,100.0,exact_match,matched
Robert Andrich,robert andrich,Robert Andrich,robert andrich,100.0,exact_match,matched
Exequiel Palacios,exequiel palacios,Exequiel Palacios,exequiel palacios,100.0,exact_match,matched
Aleix García,aleix garcia,Aleix García,aleix garcia,100.0,exact_match,matched
Jonas Hofmann,jonas hofmann,Jonas Hofmann,jonas hofmann,100.0,exact_match,matched
Martin Terrier,martin terrier,Martin Terrier,martin terrier,100.0,exact_match,matched
Nathan Tella,nathan tella,Nathan Tella,nathan tella,100.0,exact_match,matched
Patrik Schick,patrik schick,Patrik Schick,patrik schick,100.0,exact_match,matched
Gregor Kobel,gregor kobel,Gregor Kobel,gregor kobel,100.0,exact_match,matched
Alexander Meyer,alexander meyer,Alexander Meyer,alexander meyer,100.0,exact_match,matched
Nico Schlotterbeck,nico schlotterbeck,Nico Schlotterbeck,nico schlotterbeck,100.0,exact_match,matched
Waldemar Anton,waldemar anton,Waldemar Anton,waldemar anton,100.0,exact_match,matched
Niklas Süle,niklas sule,Niklas Süle,niklas sule,100.0,exact_match,matched
Emre Can,emre can,Emre Can,emre can,100.0,exact_match,matched
Daniel Svensson,daniel svensson,Daniel Svensson,daniel svensson,100.0,exact_match,matched
Ramy Bensebaini,ramy bensebaini,Ramy Bensebaini,ramy bensebaini,100.0,exact_match,matched
Almugera Kabar,almugera kabar,Almugera Kabar,almugera kabar,100.0,exact_match,matched
Yan Couto,yan couto,Yan Couto,yan couto,100.0,exact_match,matched
Julian Ryerson,julian ryerson,Julian Ryerson,julian ryerson,100.0,exact_match,matched
Salih Özcan,salih ozcan,Salih Özcan,salih ozcan,100.0,exact_match,matched
Felix Nmecha,felix nmecha,Felix Nmecha,felix nmecha,100.0,exact_match,matched
Carney Chukwuemeka,carney chukwuemeka,Carney Chukwuemeka,carney chukwuemeka,100.0,exact_match,matched
Marcel Sabitzer,marcel sabitzer,Marcel Sabitzer,marcel sabitzer,100.0,exact_match,matched
Pascal Groß,pascal gro,Pascal Groß,pascal gro,100.0,exact_match,matched
Julian Brandt,julian brandt,Julian Brandt,julian brandt,100.0,exact_match,matched
Julien Duranville,julien duranville,Julien Duranville,julien duranville,100.0,exact_match,matched
Karim Adeyemi,karim adeyemi,Karim Adeyemi,karim adeyemi,100.0,exact_match,matched
Cole Campbell,cole campbell,Cole Campbell,cole campbell,100.0,exact_match,matched
Serhou Guirassy,serhou guirassy,Serhou Guirassy,serhou guirassy,100.0,exact_match,matched
Maximilian Beier,maximilian beier,Maximilian Beier,maximilian beier,100.0,exact_match,matched
Maarten Vandevoordt,maarten vandevoordt,Maarten Vandevoordt,maarten vandevoordt,100.0,exact_match,matched
Péter Gulácsi,peter gulacsi,Péter Gulácsi,peter gulacsi,100.0,exact_match,matched
Castello Lukeba,castello lukeba,Castello Lukeba,castello lukeba,100.0,exact_match,matched
El Chadaille Bitshiabu,el chadaille bitshiabu,El Chadaille Bitshiabu,el chadaille bitshiabu,100.0,exact_match,matched
Willi Orbán,willi orban,Willi Orban,willi orban,100.0,exact_match,matched
Lukas Klostermann,lukas klostermann,Lukas Klostermann,lukas klostermann,100.0,exact_match,matched
David Raum,david raum,David Raum,david raum,100.0,exact_match,matched
Benjamin Henrichs,benjamin henrichs,Benjamin Henrichs,benjamin henrichs,100.0,exact_match,matched
Kosta Nedeljkovic,kosta nedeljkovic,Kosta Nedeljković,kosta nedeljkovic,100.0,exact_match,matched
Ridle Baku,ridle baku,Ridle Baku,ridle baku,100.0,exact_match,matched
Nicolas Seiwald,nicolas seiwald,Nicolas Seiwald,nicolas seiwald,100.0,exact_match,matched
Amadou Haidara,amadou haidara,Amadou Haidara,amadou haidara,100.0,exact_match,matched
Xaver Schlager,xaver schlager,Xaver Schlager,xaver schlager,100.0,exact_match,matched
Assan Ouédraogo,assan ouedraogo,Assan Ouedraogo,assan ouedraogo,100.0,exact_match,matched
Kevin Kampl,kevin kampl,Kevin Kampl,kevin kampl,100.0,exact_match,matched
Christoph Baumgartner,christoph baumgartner,Christoph Baumgartner,christoph baumgartner,100.0,exact_match,matched
Viggo Gebel,viggo gebel,Viggo Gebel,viggo gebel,100.0,exact_match,matched
Antonio Nusa,antonio nusa,Antonio Nusa,antonio nusa,100.0,exact_match,matched
Timo Werner,timo werner,Timo Werner,timo werner,100.0,exact_match,matched
Tidiam Gomis,tidiam gomis,Tidiam Gomis,tidiam gomis,100.0,exact_match,matched
Alexander Nübel,alexander nubel,Alexander Nübel,alexander nubel,100.0,exact_match,matched
Fabian Bredlow,fabian bredlow,Fabian Bredlow,fabian bredlow,100.0,exact_match,matched
Finn Jeltsch,finn jeltsch,Finn Jeltsch,finn jeltsch,100.0,exact_match,matched
Ameen Al-Dakhil,ameen aldakhil,Ameen Al-Dakhil,ameen aldakhil,100.0,exact_match,matched
Luca Jaquez,luca jaquez,Luca Jaquez,luca jaquez,100.0,exact_match,matched
Ramon Hendriks,ramon hendriks,Ramon Hendriks,ramon hendriks,100.0,exact_match,matched
Dan-Axel Zagadou,danaxel zagadou,Dan-Axel Zagadou,danaxel zagadou,100.0,exact_match,matched
Maximilian Mittelstädt,maximilian mittelstadt,Maximilian Mittelstädt,maximilian mittelstadt,100.0,exact_match,matched
Josha Vagnoman,josha vagnoman,Josha Vagnoman,josha vagnoman,100.0,exact_match,matched
Leonidas Stergiou,leonidas stergiou,Leonidas Stergiou,leonidas stergiou,100.0,exact_match,matched
Pascal Stenzel,pascal stenzel,Pascal Stenzel,pascal stenzel,100.0,exact_match,matched
Angelo Stiller,angelo stiller,Angelo Stiller,angelo stiller,100.0,exact_match,matched
Atakan Karazor,atakan karazor,Atakan Karazor,atakan karazor,100.0,exact_match,matched
Yannik Keitel,yannik keitel,Yannik Keitel,yannik keitel,100.0,exact_match,matched
Nikolas Nartey,nikolas nartey,Nikolas Nartey,nikolas nartey,100.0,exact_match,matched
Chris Führich,chris fuhrich,Chris Führich,chris fuhrich,100.0,exact_match,matched
Justin Diehl,justin diehl,Justin Diehl,justin diehl,100.0,exact_match,matched
Jamie Leweling,jamie leweling,Jamie Leweling,jamie leweling,100.0,exact_match,matched
Ermedin Demirovic,ermedin demirovic,Ermedin Demirović,ermedin demirovic,100.0,exact_match,matched
Deniz Undav,deniz undav,Deniz Undav,deniz undav,100.0,exact_match,matched
Oliver Baumann,oliver baumann,Oliver Baumann,oliver baumann,100.0,exact_match,matched
Luca Philipp,luca philipp,Luca Philipp,luca philipp,100.0,exact_match,matched
Ozan Kabak,ozan kabak,Ozan Kabak,ozan kabak,100.0,exact_match,matched
Arthur Chaves,arthur chaves,Arthur Chaves,arthur chaves,100.0,exact_match,matched
Robin Hranac,robin hranac,Robin Hranáč,robin hranac,100.0,exact_match,matched
Kevin Akpoguma,kevin akpoguma,Kevin Akpoguma,kevin akpoguma,100.0,exact_match,matched
Alexander Prass,alexander prass,Alexander Prass,alexander prass,100.0,exact_match,matched
Valentin Gendrey,valentin gendrey,Valentin Gendrey,valentin gendrey,100.0,exact_match,matched
Umut Tohumcu,umut tohumcu,Umut Tohumcu,umut tohumcu,100.0,exact_match,matched
Grischa Prömel,grischa promel,Grischa Prömel,grischa promel,100.0,exact_match,matched
Dennis Geiger,dennis geiger,Dennis Geiger,dennis geiger,100.0,exact_match,matched
Andrej Kramaric,andrej kramaric,Andrej Kramarić,andrej kramaric,100.0,exact_match,matched
Bazoumana Touré,bazoumana toure,Bazoumana Touré,bazoumana toure,100.0,exact_match,matched
Adam Hlozek,adam hlozek,Adam Hložek,adam hlozek,100.0,exact_match,matched
Max Moerstedt,max moerstedt,Max Moerstedt,max moerstedt,100.0,exact_match,matched
Mergim Berisha,mergim berisha,Mergim Berisha,mergim berisha,100.0,exact_match,matched
Ihlas Bebou,ihlas bebou,Ihlas Bebou,ihlas bebou,100.0,exact_match,matched
David Mokwa,david mokwa,David Mokwa,david mokwa,100.0,exact_match,matched
Noah Atubolu,noah atubolu,Noah Atubolu,noah atubolu,100.0,exact_match,matched
Florian Müller,florian muller,Florian Müller,florian muller,100.0,exact_match,matched
Philipp Lienhart,philipp lienhart,Philipp Lienhart,philipp lienhart,100.0,exact_match,matched
Max Rosenfelder,max rosenfelder,Max Rosenfelder,max rosenfelder,100.0,exact_match,matched
Matthias Ginter,matthias ginter,Matthias Ginter,matthias ginter,100.0,exact_match,matched
Jordy Makengo,jordy makengo,Jordy Makengo,jordy makengo,100.0,exact_match,matched
Christian Günter,christian gunter,Christian Günter,christian gunter,100.0,exact_match,matched
Lukas Kübler,lukas kubler,Lukas Kübler,lukas kubler,100.0,exact_match,matched
Patrick Osterhage,patrick osterhage,Patrick Osterhage,patrick osterhage,100.0,exact_match,matched
Nicolas Höfler,nicolas hofler,Nicolas Höfler,nicolas hofler,100.0,exact_match,matched
Maximilian Eggestein,maximilian eggestein,Maximilian Eggestein,maximilian eggestein,100.0,exact_match,matched
Johan Manzambi,johan manzambi,Johan Manzambi,johan manzambi,100.0,exact_match,matched
Vincenzo Grifo,vincenzo grifo,Vincenzo Grifo,vincenzo grifo,100.0,exact_match,matched
Eren Dinkçi,eren dinkci,Eren Dinkçi,eren dinkci,100.0,exact_match,matched
Maximilian Philipp,maximilian philipp,Maximilian Philipp,maximilian philipp,100.0,exact_match,matched
Junior Adamu,junior adamu,Junior Adamu,junior adamu,100.0,exact_match,matched
Lucas Höler,lucas holer,Lucas Höler,lucas holer,100.0,exact_match,matched
Kevin Müller,kevin muller,Kevin Müller,kevin muller,100.0,exact_match,matched
Frank Feller,frank feller,Frank Feller,frank feller,100.0,exact_match,matched
Benedikt Gimber,benedikt gimber,Benedikt Gimber,benedikt gimber,100.0,exact_match,matched
Patrick Mainka,patrick mainka,Patrick Mainka,patrick mainka,100.0,exact_match,matched
Tim Siersleben,tim siersleben,Tim Siersleben,tim siersleben,100.0,exact_match,matched
Thomas Keller,thomas keller,Thomas Keller,thomas keller,100.0,exact_match,matched
Jonas Föhrenbach,jonas fohrenbach,Jonas Föhrenbach,jonas fohrenbach,100.0,exact_match,matched
Omar Traoré,omar traore,Omar Traoré,omar traore,100.0,exact_match,matched
Marnon Busch,marnon busch,Marnon Busch,marnon busch,100.0,exact_match,matched
Niklas Dorsch,niklas dorsch,Niklas Dorsch,niklas dorsch,100.0,exact_match,matched
Julian Niehues,julian niehues,Julian Niehues,julian niehues,100.0,exact_match,matched
Jan Schöppner,jan schoppner,Jan Schöppner,jan schoppner,100.0,exact_match,matched
Luca Kerber,luca kerber,Luca Kerber,luca kerber,100.0,exact_match,matched
Adrian Beck,adrian beck,Adrian Beck,adrian beck,100.0,exact_match,matched
Mathias Honsak,mathias honsak,Mathias Honsak,mathias honsak,100.0,exact_match,matched
Sirlord Conteh,sirlord conteh,Sirlord Conteh,sirlord conteh,100.0,exact_match,matched
Marvin Pieringer,marvin pieringer,Marvin Pieringer,marvin pieringer,100.0,exact_match,matched
Budu Zivzivadze,budu zivzivadze,Budu Zivzivadze,budu zivzivadze,100.0,exact_match,matched
Mikkel Kaufmann,mikkel kaufmann,Mikkel Kaufmann,mikkel kaufmann,100.0,exact_match,matched
Stefan Schimmer,stefan schimmer,Stefan Schimmer,stefan schimmer,100.0,exact_match,matched
Marco Friedl,marco friedl,Marco Friedl,marco friedl,100.0,exact_match,matched
Niklas Stark,niklas stark,Niklas Stark,niklas stark,100.0,exact_match,matched
Amos Pieper,amos pieper,Amos Pieper,amos pieper,100.0,exact_match,matched
Julián Malatini,julian malatini,Julián Malatini,julian malatini,100.0,exact_match,matched
Felix Agu,felix agu,Felix Agu,felix agu,100.0,exact_match,matched
Olivier Deman,olivier deman,Olivier Deman,olivier deman,100.0,exact_match,matched
Mitchell Weiser,mitchell weiser,Mitchell Weiser,mitchell weiser,100.0,exact_match,matched
Senne Lynen,senne lynen,Senne Lynen,senne lynen,100.0,exact_match,matched
Skelly Alvero,skelly alvero,Skelly Alvero,skelly alvero,100.0,exact_match,matched
Jens Stage,jens stage,Jens Stage,jens stage,100.0,exact_match,matched
Leonardo Bittencourt,leonardo bittencourt,Leonardo Bittencourt,leonardo bittencourt,100.0,exact_match,matched
Romano Schmid,romano schmid,Romano Schmid,romano schmid,100.0,exact_match,matched
Isak Hansen-Aarøen,isak hansenaaren,Isak Hansen-Aarøen,isak hansenaaren,100.0,exact_match,matched
Marco Grüll,marco grull,Marco Grüll,marco grull,100.0,exact_match,matched
Justin Njinmah,justin njinmah,Justin Njinmah,justin njinmah,100.0,exact_match,matched
Moritz Nicolas,moritz nicolas,Moritz Nicolas,moritz nicolas,100.0,exact_match,matched
Jonas Omlin,jonas omlin,Jonas Omlin,jonas omlin,100.0,exact_match,matched
Tobias Sippel,tobias sippel,Tobias Sippel,tobias sippel,100.0,exact_match,matched
Nico Elvedi,nico elvedi,Nico Elvedi,nico elvedi,100.0,exact_match,matched
Marvin Friedrich,marvin friedrich,Marvin Friedrich,marvin friedrich,100.0,exact_match,matched
Fabio Chiarodia,fabio chiarodia,Fabio Chiarodia,fabio chiarodia,100.0,exact_match,matched
Lukas Ullrich,lukas ullrich,Lukas Ullrich,lukas ullrich,100.0,exact_match,matched
Luca Netz,luca netz,Luca Netz,luca netz,100.0,exact_match,matched
Joe Scally,joe scally,Joe Scally,joe scally,100.0,exact_match,matched
Rocco Reitz,rocco reitz,Rocco Reitz,rocco reitz,100.0,exact_match,matched
Philipp Sander,philipp sander,Philipp Sander,philipp sander,100.0,exact_match,matched
Florian Neuhaus,florian neuhaus,Florian Neuhaus,florian neuhaus,100.0,exact_match,matched
Kevin Stöger,kevin stoger,Kevin Stöger,kevin stoger,100.0,exact_match,matched
Robin Hack,robin hack,Robin Hack,robin hack,100.0,exact_match,matched
Franck Honorat,franck honorat,Franck Honorat,franck honorat,100.0,exact_match,matched
Nathan Ngoumou,nathan ngoumou,Nathan N'Goumou,nathan ngoumou,100.0,exact_match,matched
Tim Kleindienst,tim kleindienst,Tim Kleindienst,tim kleindienst,100.0,exact_match,matched
Grant-Leon Ranos,grantleon ranos,Grant Ranos,grant ranos,100.0,manual_mapping,matched
Kamil Grabara,kamil grabara,Kamil Grabara,kamil grabara,100.0,exact_match,matched
Marius Müller,marius muller,Marius Müller,marius muller,100.0,exact_match,matched
Pavao Pervan,pavao pervan,Pavao Pervan,pavao pervan,100.0,exact_match,matched
Konstantinos Koulierakis,konstantinos koulierakis,Konstantinos Koulierakis,konstantinos koulierakis,100.0,exact_match,matched
Denis Vavro,denis vavro,Denis Vavro,denis vavro,100.0,exact_match,matched
Moritz Jenz,moritz jenz,Moritz Jenz,moritz jenz,100.0,exact_match,matched
Joakim Mæhle,joakim mhle,Joakim Mæhle,joakim mhle,100.0,exact_match,matched
Rogério,rogerio,Rogério,rogerio,100.0,exact_match,matched
Kilian Fischer,kilian fischer,Kilian Fischer,kilian fischer,100.0,exact_match,matched
Mattias Svanberg,mattias svanberg,Mattias Svanberg,mattias svanberg,100.0,exact_match,matched
Maximilian Arnold,maximilian arnold,Maximilian Arnold,maximilian arnold,100.0,exact_match,matched
Yannick Gerhardt,yannick gerhardt,Yannick Gerhardt,yannick gerhardt,100.0,exact_match,matched
Kevin Paredes,kevin paredes,Kevin Paredes,kevin paredes,100.0,exact_match,matched
Lovro Majer,lovro majer,Lovro Majer,lovro majer,100.0,exact_match,matched
Bence Dárdai,bence dardai,Bence Dárdai,bence dardai,100.0,exact_match,matched
Patrick Wimmer,patrick wimmer,Patrick Wimmer,patrick wimmer,100.0,exact_match,matched
Andreas Skov Olsen,andreas skov olsen,Andreas Skov Olsen,andreas skov olsen,100.0,exact_match,matched
Mohamed Amoura,mohamed amoura,Mohamed Amoura,mohamed amoura,100.0,exact_match,matched
Jonas Wind,jonas wind,Jonas Wind,jonas wind,100.0,exact_match,matched
Dzenan Pejcinovic,dzenan pejcinovic,Dženan Pejčinović,dzenan pejcinovic,100.0,exact_match,matched
Finn Dahmen,finn dahmen,Finn Dahmen,finn dahmen,100.0,exact_match,matched
Nediljko Labrovic,nediljko labrovic,Nediljko Labrović,nediljko labrovic,100.0,exact_match,matched
Chrislain Matsima,chrislain matsima,Chrislain Matsima,chrislain matsima,100.0,exact_match,matched
Cédric Zesiger,cedric zesiger,Cedric Zesiger,cedric zesiger,100.0,exact_match,matched
Keven Schlotterbeck,keven schlotterbeck,Keven Schlotterbeck,keven schlotterbeck,100.0,exact_match,matched
Noahkai Banks,noahkai banks,Noahkai Banks,noahkai banks,100.0,exact_match,matched
Maximilian Bauer,maximilian bauer,Maximilian Bauer,maximilian bauer,100.0,exact_match,matched
Jeffrey Gouweleeuw,jeffrey gouweleeuw,Jeffrey Gouweleeuw,jeffrey gouweleeuw,100.0,exact_match,matched
Mads Pedersen,mads pedersen,Mads Pedersen,mads pedersen,100.0,exact_match,matched
Marius Wolf,marius wolf,Marius Wolf,marius wolf,100.0,exact_match,matched
Kristijan Jakic,kristijan jakic,Kristijan Jakić,kristijan jakic,100.0,exact_match,matched
Mahmut Kücüksahin,mahmut kucuksahin,Mahmut Kücüksahin,mahmut kucuksahin,100.0,exact_match,matched
Arne Maier,arne maier,Arne Maier,arne maier,100.0,exact_match,matched
Elvis Rexhbecaj,elvis rexhbecaj,Elvis Rexhbeçaj,elvis rexhbecaj,100.0,exact_match,matched
Alexis Claude-Maurice,alexis claudemaurice,Alexis Claude-Maurice,alexis claudemaurice,100.0,exact_match,matched
Mert Kömür,mert komur,Mert Kömür,mert komur,100.0,exact_match,matched
Phillip Tietz,phillip tietz,Phillip Tietz,phillip tietz,100.0,exact_match,matched
Samuel Essende,samuel essende,Samuel Essende,samuel essende,100.0,exact_match,matched
Steve Mounié,steve mounie,Steve Mounié,steve mounie,100.0,exact_match,matched
Diogo Leite,diogo leite,Diogo Leite,diogo leite,100.0,exact_match,matched
Danilho Doekhi,danilho doekhi,Danilho Doekhi,danilho doekhi,100.0,exact_match,matched
Leopold Querfeld,leopold querfeld,Leopold Querfeld,leopold querfeld,100.0,exact_match,matched
Tom Rothe,tom rothe,Tom Rothe,tom rothe,100.0,exact_match,matched
Josip Juranovic,josip juranovic,Josip Juranović,josip juranovic,100.0,exact_match,matched
Christopher Trimmel,christopher trimmel,Christopher Trimmel,christopher trimmel,100.0,exact_match,matched
Aljoscha Kemlein,aljoscha kemlein,Aljoscha Kemlein,aljoscha kemlein,100.0,exact_match,matched
Rani Khedira,rani khedira,Rani Khedira,rani khedira,100.0,exact_match,matched
Alex Král,alex kral,Alex Král,alex kral,100.0,exact_match,matched
András Schäfer,andras schafer,András Schäfer,andras schafer,100.0,exact_match,matched
Janik Haberer,janik haberer,Janik Haberer,janik haberer,100.0,exact_match,matched
Robert Skov,robert skov,Robert Skov,robert skov,100.0,exact_match,matched
David Preu,david preu,David Preu,david preu,100.0,exact_match,matched
Andrej Ilic,andrej ilic,Andrej Ilic,andrej ilic,100.0,exact_match,matched
Marin Ljubicic,marin ljubicic,Marin Ljubicic,marin ljubicic,100.0,exact_match,matched
Tim Skarke,tim skarke,Tim Skarke,tim skarke,100.0,exact_match,matched
Timo Horn,timo horn,Timo Horn,timo horn,100.0,exact_match,matched
Erhan Masovic,erhan masovic,Erhan Mašović,erhan masovic,100.0,exact_match,matched
Noah Loosli,noah loosli,Noah Loosli,noah loosli,100.0,exact_match,matched
Maximilian Wittek,maximilian wittek,Maximilian Wittek,maximilian wittek,100.0,exact_match,matched
Felix Passlack,felix passlack,Felix Passlack,felix passlack,100.0,exact_match,matched
Kacper Koscierski,kacper koscierski,Kacper Koscierski,kacper koscierski,100.0,exact_match,matched
Ibrahima Sissoko,ibrahima sissoko,Ibrahima Sissoko,ibrahima sissoko,100.0,exact_match,matched
Matus Bero,matus bero,Matúš Bero,matus bero,100.0,exact_match,matched
Moritz-Broni Kwarteng,moritzbroni kwarteng,Moritz-Broni Kwarteng,moritzbroni kwarteng,100.0,exact_match,matched
Mats Pannewig,mats pannewig,Mats Pannewig,mats pannewig,100.0,exact_match,matched
Koji Miyoshi,koji miyoshi,Koji Miyoshi,koji miyoshi,100.0,exact_match,matched
Gerrit Holtmann,gerrit holtmann,Gerrit Holtmann,gerrit holtmann,100.0,exact_match,matched
Philipp Hofmann,philipp hofmann,Philipp Hofmann,philipp hofmann,100.0,exact_match,matched
Marvin Schwäbe,marvin schwabe,Marvin Schwäbe,marvin schwabe,100.0,exact_match,matched
Timo Hübers,timo hubers,Timo Hübers,timo hubers,100.0,exact_match,matched
Joël Schmied,joel schmied,Joël Schmied,joel schmied,100.0,exact_match,matched
Dominique Heintz,dominique heintz,Dominique Heintz,dominique heintz,100.0,exact_match,matched
Luca Kilian,luca kilian,Luca Kilian,luca kilian,100.0,exact_match,matched
Neo Telle,neo telle,Neo Telle,neo telle,100.0,exact_match,matched
Jusuf Gazibegovic,jusuf gazibegovic,Jusuf Gazibegović,jusuf gazibegovic,100.0,exact_match,matched
Eric Martel,eric martel,Eric Martel,eric martel,100.0,exact_match,matched
Denis Huseinbasic,denis huseinbasic,Denis Huseinbasic,denis huseinbasic,100.0,exact_match,matched
Florian Kainz,florian kainz,Florian Kainz,florian kainz,100.0,exact_match,matched
Linton Maina,linton maina,Linton Maina,linton maina,100.0,exact_match,matched
Jan Thielmann,jan thielmann,Jan Thielmann,jan thielmann,100.0,exact_match,matched
Luca Waldschmidt,luca waldschmidt,Luca Waldschmidt,luca waldschmidt,100.0,exact_match,matched
Robin Zentner,robin zentner,Robin Zentner,robin zentner,100.0,exact_match,matched
Lasse Rieß,lasse rie,Lasse Rieß,lasse rie,100.0,exact_match,matched
Daniel Batz,daniel batz,Daniel Batz,daniel batz,100.0,exact_match,matched
Andreas Hanche-Olsen,andreas hancheolsen,Andreas Hanche-Olsen,andreas hancheolsen,100.0,exact_match,matched
Dominik Kohr,dominik kohr,Dominik Kohr,dominik kohr,100.0,exact_match,matched
Maxim Leitsch,maxim leitsch,Maxim Leitsch,maxim leitsch,100.0,exact_match,matched
Danny da Costa,danny da costa,Danny da Costa,danny da costa,100.0,exact_match,matched
Stefan Bell,stefan bell,Stefan Bell,stefan bell,100.0,exact_match,matched
Anthony Caci,anthony caci,Anthony Caci,anthony caci,100.0,exact_match,matched
Phillipp Mwene,phillipp mwene,Phillipp Mwene,phillipp mwene,100.0,exact_match,matched
Nikolas Veratschnig,nikolas veratschnig,Nikolas Veratschnig,nikolas veratschnig,100.0,exact_match,matched
Silvan Widmer,silvan widmer,Silvan Widmer,silvan widmer,100.0,exact_match,matched
Kaishu Sano,kaishu sano,Kaishu Sano,kaishu sano,100.0,exact_match,matched
Lennard Maloney,lennard maloney,Lennard Maloney,lennard maloney,100.0,exact_match,matched
Nadiem Amiri,nadiem amiri,Nadiem Amiri,nadiem amiri,100.0,exact_match,matched
Paul Nebel,paul nebel,Paul Nebel,paul nebel,100.0,exact_match,matched
Arnaud Nordin,arnaud nordin,Arnaud Nordin,arnaud nordin,100.0,exact_match,matched
Armindo Sieb,armindo sieb,Armindo Sieb,armindo sieb,100.0,exact_match,matched
Nelson Weiper,nelson weiper,Nelson Weiper,nelson weiper,100.0,exact_match,matched
Mark Flekken,mark flekken,,,50.0,fuzzy_partial_ratio,unmatched
Janis Blaswich,janis blaswich,,,60.0,fuzzy_partial_ratio,unmatched
Niklas Lomb,niklas lomb,,,57.14,fuzzy_partial_ratio,unmatched
Loïc Badé,loic bade,,,53.33,fuzzy_partial_ratio,unmatched
Jarell Quansah,jarell quansah,,,50.0,fuzzy_partial_ratio,unmatched
Axel Tape,axel tape,,,55.56,fuzzy_partial_ratio,unmatched
Lucas Vázquez,lucas vazquez,,,58.33,fuzzy_partial_ratio,unmatched
Equi Fernández,equi fernandez,,,57.14,fuzzy_partial_ratio,unmatched
Malik Tillman,malik tillman,,,57.14,fuzzy_partial_ratio,unmatched
Claudio Echeverri,claudio echeverri,,,53.85,fuzzy_partial_ratio,unmatched
Ibrahim Maza,ibrahim maza,,,60.0,fuzzy_partial_ratio,unmatched
Eliesse Ben Seghir,eliesse ben seghir,,,54.55,fuzzy_partial_ratio,unmatched
Ernest Poku,ernest poku,,,47.62,fuzzy_partial_ratio,unmatched
Christian Kofane,christian kofane,,,57.14,fuzzy_partial_ratio,unmatched
Alejo Sarco,alejo sarco,,,66.67,fuzzy_partial_ratio,unmatched
Patrick Drewes,patrick drewes,,,60.0,fuzzy_partial_ratio,unmatched
Silas Ostrzinski,silas ostrzinski,,,63.16,fuzzy_partial_ratio,unmatched
Aarón Anselmino,aaron anselmino,,,60.0,fuzzy_partial_ratio,unmatched
Filippo Mane,filippo mane,,,57.14,fuzzy_partial_ratio,unmatched
Jobe Bellingham,jobe bellingham,,,63.64,fuzzy_partial_ratio,unmatched
Fábio Silva,fabio silva,,,52.63,fuzzy_partial_ratio,unmatched
Leopold Zingerle,leopold zingerle,,,48.28,fuzzy_partial_ratio,unmatched
Max Finkgräfe,max finkgrafe,,,46.15,fuzzy_partial_ratio,unmatched
Ezechiel Banzuzi,ezechiel banzuzi,,,60.0,fuzzy_partial_ratio,unmatched
Joyeux Masanka Bungi,joyeux masanka bungi,,,51.85,fuzzy_partial_ratio,unmatched
Andrija Maksimovic,andrija maksimovic,,,66.67,fuzzy_partial_ratio,unmatched
Yan Diomande,yan diomande,,,58.82,fuzzy_partial_ratio,unmatched
Johan Bakayoko,johan bakayoko,,,57.14,fuzzy_partial_ratio,unmatched
Conrad Harder,conrad harder,,,56.0,fuzzy_partial_ratio,unmatched
Rômulo,romulo,,,60.0,fuzzy_partial_ratio,unmatched
Florian Hellstern,florian hellstern,,,61.54,fuzzy_partial_ratio,unmatched
Stefan Drljaca,stefan drljaca,,,57.14,fuzzy_token_set_ratio,unmatched
Jeff Chabot,jeff chabot,,,77.78,fuzzy_partial_ratio,unmatched
Lorenz Assignon,lorenz assignon,,,60.0,fuzzy_partial_ratio,unmatched
Mirza Catovic,mirza catovic,,,70.0,fuzzy_partial_ratio,unmatched
Chema Andrés,chema andres,,,69.57,fuzzy_token_sort_ratio,unmatched
Bilal El Khannouss,bilal el khannouss,,,72.73,fuzzy_token_set_ratio,unmatched
Noah Darvich,noah darvich,,,60.87,fuzzy_partial_ratio,unmatched
Silas,silas,Silas Katompa,silas katompa,100.0,fuzzy_partial_ratio,matched
Badredine Bouanani,badredine bouanani,,,54.55,fuzzy_partial_ratio,unmatched
Lazar Jovanovic,lazar jovanovic,,,75.0,fuzzy_partial_ratio,unmatched
Tiago Tomás,tiago tomas,,,58.82,fuzzy_partial_ratio,unmatched
Lúkas Petersson,lukas petersson,,,52.63,fuzzy_partial_ratio,unmatched
Albian Hajdari,albian hajdari,,,58.33,fuzzy_partial_ratio,unmatched
Koki Machida,koki machida,,,50.0,fuzzy_partial_ratio,unmatched
Bernardo,bernardo,,,57.14,fuzzy_partial_ratio,unmatched
Hennes Behrens,hennes behrens,Hannes Behrens,hannes behrens,92.86,fuzzy_ratio,matched
Vladimír Coufal,vladimir coufal,,,51.61,fuzzy_token_sort_ratio,unmatched
Leon Avdullahu,leon avdullahu,,,50.0,fuzzy_partial_ratio,unmatched
Wouter Burger,wouter burger,,,63.16,fuzzy_partial_ratio,unmatched
Muhammed Damar,muhammed damar,,,51.85,fuzzy_partial_ratio,unmatched
Fisnik Asllani,fisnik asllani,,,52.17,fuzzy_partial_ratio,unmatched
Tim Lemperle,tim lemperle,,,70.59,fuzzy_partial_ratio,unmatched
Jannik Huth,jannik huth,,,70.59,fuzzy_partial_ratio,unmatched
Anthony Jung,anthony jung,,,54.55,fuzzy_partial_ratio,unmatched
Bruno Ogbus,bruno ogbus,,,77.78,fuzzy_partial_ratio,unmatched
Philipp Treu,philipp treu,,philipp lienhart,80.0,fuzzy_partial_ratio,manual_review
Yuito Suzuki,yuito suzuki,,,50.0,fuzzy_partial_ratio,unmatched
Daniel-Kofi Kyereh,danielkofi kyereh,,,57.14,fuzzy_token_set_ratio,unmatched
Derry Scherhant,derry scherhant,,,50.0,fuzzy_partial_ratio,unmatched
Cyriaque Irié,cyriaque irie,,,50.0,fuzzy_partial_ratio,unmatched
Niklas Beste,niklas beste,Jan-Niklas Beste,janniklas beste,100.0,fuzzy_partial_ratio,matched
Igor Matanovic,igor matanovic,,,58.33,fuzzy_partial_ratio,unmatched
Diant Ramaj,diant ramaj,,,58.82,fuzzy_partial_ratio,unmatched
Paul Tschernuth,paul tschernuth,,,63.64,fuzzy_partial_ratio,unmatched
Adam Kölle,adam kolle,,,63.16,fuzzy_partial_ratio,unmatched
Leart Paçarada,leart pacarada,,,50.0,fuzzy_partial_ratio,unmatched
Nick Rothweiler,nick rothweiler,,,58.82,fuzzy_partial_ratio,unmatched
Arijon Ibrahimovic,arijon ibrahimovic,,,60.0,fuzzy_partial_ratio,unmatched
Yannik Wagner,yannik wagner,,,66.67,fuzzy_partial_ratio,unmatched
Karl Hein,karl hein,,,61.54,fuzzy_partial_ratio,unmatched
Mio Backhaus,mio backhaus,,,58.82,fuzzy_partial_ratio,unmatched
Markus Kolke,markus kolke,,,55.56,fuzzy_partial_ratio,unmatched
Stefan Smarkalev,stefan smarkalev,,,52.17,fuzzy_partial_ratio,unmatched
Maximilian Wöber,maximilian wober,,,77.42,fuzzy_partial_ratio,unmatched
Karim Coulibaly,karim coulibaly,,,57.14,fuzzy_partial_ratio,unmatched
Mick Schmetgens,mick schmetgens,,,63.64,fuzzy_partial_ratio,unmatched
Yukinari Sugawara,yukinari sugawara,,,50.0,fuzzy_partial_ratio,unmatched
Isaac Schmidt,isaac schmidt,,,70.0,fuzzy_partial_ratio,unmatched
Wesley Adeh,wesley adeh,,,60.0,fuzzy_partial_ratio,unmatched
Cameron Puertas,cameron puertas,,,63.64,fuzzy_partial_ratio,unmatched
Patrice Covic,patrice covic,,,47.62,fuzzy_partial_ratio,unmatched
Samuel Mbangula,samuel mbangula,,,66.67,fuzzy_partial_ratio,unmatched
Victor Boniface,victor boniface,,,45.45,fuzzy_partial_ratio,unmatched
Keke Topp,keke topp,Keke Maximilian Topp,keke maximilian topp,100.0,fuzzy_token_set_ratio,matched
Salim Musah,salim musah,,,50.0,fuzzy_partial_ratio,unmatched
Tiago Pereira Cardoso,tiago pereira cardoso,Tiago Cardoso,tiago cardoso,100.0,fuzzy_token_set_ratio,matched
Kevin Diks,kevin diks,,kevin stoger,82.35,fuzzy_partial_ratio,manual_review
Yannik Engelhardt,yannik engelhardt,,,50.0,fuzzy_partial_ratio,unmatched
Niklas Swider,niklas swider,,,60.87,fuzzy_partial_ratio,unmatched
Jens Castrop,jens castrop,,,58.82,fuzzy_partial_ratio,unmatched
Oscar Fraulo,oscar fraulo,,,57.14,fuzzy_partial_ratio,unmatched
Giovanni Reyna,giovanni reyna,,,48.0,fuzzy_ratio,unmatched
Wael Mohya,wael mohya,,,46.15,fuzzy_partial_ratio,unmatched
Charles Herrmann,charles herrmann,Patrick Herrmann,patrick herrmann,100.0,surname_match,matched
Shuto Machino,shuto machino,,,52.63,fuzzy_partial_ratio,unmatched
Haris Tabakovic,haris tabakovic,,,54.55,fuzzy_partial_ratio,unmatched
Jakub Zielinski,jakub zielinski,,,75.86,fuzzy_ratio,unmatched
Jenson Seelt,jenson seelt,,,60.87,fuzzy_partial_ratio,unmatched
Mathys Angély,mathys angely,,,56.0,fuzzy_partial_ratio,unmatched
Saël Kumbedi,sael kumbedi,,,50.0,fuzzy_partial_ratio,unmatched
Vini Souza,vini souza,,,55.56,fuzzy_partial_ratio,unmatched
Aaron Zehnter,aaron zehnter,,,54.55,fuzzy_partial_ratio,unmatched
Jesper Lindstrøm,jesper lindstrm,,,50.0,fuzzy_partial_ratio,unmatched
Adam Daghim,adam daghim,,,58.82,fuzzy_partial_ratio,unmatched
Daniel Klein,daniel klein,,,54.55,fuzzy_partial_ratio,unmatched
Felix Meiser,felix meiser,,,58.82,fuzzy_partial_ratio,unmatched
Dimitrios Giannoulis,dimitrios giannoulis,Dimitris Giannoulis,dimitris giannoulis,97.44,fuzzy_ratio,matched
Oliver Sorg,oliver sorg,,,58.82,fuzzy_partial_ratio,unmatched
Robin Fellhauer,robin fellhauer,,,58.33,fuzzy_partial_ratio,unmatched
Han-Noah Massengo,hannoah massengo,,,66.67,fuzzy_partial_ratio,unmatched
Anton Kade,anton kade,,,60.0,fuzzy_partial_ratio,unmatched
Fabian Rieder,fabian rieder,,,63.16,fuzzy_partial_ratio,unmatched
Ismaël Gharbi,ismael gharbi,,,52.17,fuzzy_token_sort_ratio,unmatched
Elias Saad,elias saad,,,62.5,fuzzy_partial_ratio,unmatched
Yusuf Kabadayi,yusuf kabadayi,Yusuf Kabadayı,yusuf kabaday,100.0,fuzzy_partial_ratio,matched
Aiman Dardari,aiman dardari,,,60.87,fuzzy_partial_ratio,unmatched
Frederik Rönnow,frederik ronnow,Frederik Rønnow,frederik rnnow,96.55,fuzzy_ratio,matched
Matheo Raab,matheo raab,,,57.14,fuzzy_partial_ratio,unmatched
Carl Klaus,carl klaus,,,62.5,fuzzy_partial_ratio,unmatched
Stanley Nsoki,stanley nsoki,,,53.85,fuzzy_partial_ratio,unmatched
Oluwaseun Ogbemudia,oluwaseun ogbemudia,,,57.14,fuzzy_partial_ratio,unmatched
Derrick Köhn,derrick kohn,,,60.87,fuzzy_partial_ratio,unmatched
Andrik Markgraf,andrik markgraf,,,62.5,fuzzy_partial_ratio,unmatched
Woo-yeong Jeong,wooyeong jeong,Jeong Woo-yeong,jeong wooyeong,100.0,fuzzy_token_sort_ratio,matched
Livan Burcu,livan burcu,,,66.67,fuzzy_partial_ratio,unmatched
Ilyas Ansah,ilyas ansah,,,60.0,fuzzy_partial_ratio,unmatched
Oliver Burke,oliver burke,,,50.0,fuzzy_partial_ratio,unmatched
Dmytro Bogdanov,dmytro bogdanov,,,59.26,fuzzy_partial_ratio,unmatched
Niclas Thiede,niclas thiede,,,58.33,fuzzy_partial_ratio,unmatched
Hugo Rölleke,hugo rolleke,,,57.14,fuzzy_partial_ratio,unmatched
Leandro Morgalla,leandro morgalla,,,55.17,fuzzy_partial_ratio,unmatched
Colin Kleine-Bekel,colin kleinebekel,,,50.0,fuzzy_partial_ratio,unmatched
Kevin Vogt,kevin vogt,,kevin stoger,80.0,fuzzy_partial_ratio,manual_review
Philipp Strompf,philipp strompf,,philipp forster,84.62,fuzzy_partial_ratio,manual_review
Darnell Keumo,darnell keumo,,,58.33,fuzzy_partial_ratio,unmatched
Cajetan Lenz,cajetan lenz,,,48.0,fuzzy_ratio,unmatched
Kjell Wätjen,kjell watjen,,,60.0,fuzzy_partial_ratio,unmatched
Romario Rösch,romario rosch,,,69.23,fuzzy_partial_ratio,unmatched
Francis Onyeka,francis onyeka,,,50.0,fuzzy_partial_ratio,unmatched
Lirim Jashari,lirim jashari,,,58.33,fuzzy_partial_ratio,unmatched
Alessandro Crimaldi,alessandro crimaldi,,,51.61,fuzzy_token_sort_ratio,unmatched
Farid Alfa-Ruprecht,farid alfaruprecht,,,50.0,fuzzy_partial_ratio,unmatched
Ibrahim Sissoko,ibrahim sissoko,Ibrahima Sissoko,ibrahima sissoko,96.77,fuzzy_ratio,matched
Michael Obafemi,michael obafemi,,,60.87,fuzzy_partial_ratio,unmatched
Mathis Clairicia,mathis clairicia,,,58.82,fuzzy_partial_ratio,unmatched
Ron-Robert Zieler,ronrobert zieler,,,55.56,fuzzy_partial_ratio,unmatched
Matthias Köbbing,matthias kobbing,,,72.0,fuzzy_partial_ratio,unmatched
Rav van den Berg,rav van den berg,,,52.17,fuzzy_partial_ratio,unmatched
Cenk Özkacar,cenk ozkacar,,,57.14,fuzzy_partial_ratio,unmatched
Kristoffer Lund,kristoffer lund,,,50.0,fuzzy_partial_ratio,unmatched
Sebastian Sebulonsen,sebastian sebulonsen,,,58.33,fuzzy_partial_ratio,unmatched
Fayssal Harchaoui,fayssal harchaoui,,,50.0,fuzzy_partial_ratio,unmatched
Ísak Jóhannesson,isak johannesson,,,54.55,fuzzy_partial_ratio,unmatched
Tom Krauß,tom krau,,,53.33,fuzzy_partial_ratio,unmatched
Emin Kujovic,emin kujovic,,,55.56,fuzzy_partial_ratio,unmatched
Alessio Castro-Montes,alessio castromontes,,,55.17,fuzzy_partial_ratio,unmatched
Jakub Kaminski,jakub kaminski,,,52.63,fuzzy_partial_ratio,unmatched
Said El Mala,said el mala,,,66.67,fuzzy_partial_ratio,unmatched
Marius Bülter,marius bulter,,,70.0,fuzzy_partial_ratio,unmatched
Ragnar Ache,ragnar ache,,,53.33,fuzzy_partial_ratio,unmatched
Malek El Mala,malek el mala,,,57.14,fuzzy_partial_ratio,unmatched
Konstantin Schopp,konstantin schopp,,,72.73,fuzzy_partial_ratio,unmatched
Maxim Dal,maxim dal,,maxim leitsch,87.5,fuzzy_partial_ratio,manual_review
Kasey Bos,kasey bos,,,58.82,fuzzy_partial_ratio,unmatched
Sota Kawasaki,sota kawasaki,,,53.33,fuzzy_partial_ratio,unmatched
Niklas Tauer,niklas tauer,,,78.26,fuzzy_partial_ratio,unmatched
Daniel Gleiber,daniel gleiber,,,77.78,fuzzy_partial_ratio,unmatched
Jae-sung Lee,jaesung lee,Lee Jae-sung,lee jaesung,100.0,fuzzy_token_sort_ratio,matched
Benedict Hollerbach,benedict hollerbach,,,51.43,fuzzy_partial_ratio,unmatched
William Bøving,william bving,,,48.0,fuzzy_partial_ratio,unmatched
Ben Bobzien,ben bobzien,,,60.0,fuzzy_partial_ratio,unmatched
André Lacroix,andre lacroix,,,63.16,fuzzy_partial_ratio,unmatched
Maximilian Schäfer,maximilian schafer,,,53.85,fuzzy_partial_ratio,unmatched
Markus Zengerle,markus zengerle,,,60.0,fuzzy_partial_ratio,unmatched
Marco Knell,marco knell,,,77.78,fuzzy_partial_ratio,unmatched
Lars Dößereck,lars doereck,,,54.55,fuzzy_partial_ratio,unmatched
Dominic Gerber,dominic gerber,,,63.64,fuzzy_partial_ratio,unmatched
Alexander Emrich,alexander emrich,,alexander bernhardsson,83.87,fuzzy_partial_ratio,manual_review
Thibaut Dörrschuck,thibaut dorrschuck,,,50.0,fuzzy_partial_ratio,unmatched
Yannik Niemann,yannik niemann,,,53.33,fuzzy_partial_ratio,unmatched
Marcel Czekalla,marcel czekalla,,,56.0,fuzzy_partial_ratio,unmatched
Nico Müller,nico muller,,,62.5,fuzzy_partial_ratio,unmatched
Luis Craig McColgan,luis craig mccolgan,,,47.06,fuzzy_partial_ratio,unmatched
Omer Beker,omer beker,,,77.78,fuzzy_partial_ratio,unmatched
Even Jülly,even jully,,,60.0,fuzzy_partial_ratio,unmatched
Vincent Morgan,vincent morgan,,,56.0,fuzzy_ratio,unmatched
Marius Maurer,marius maurer,,,55.56,fuzzy_partial_ratio,unmatched
Tobias Hess,tobias hess,,,60.87,fuzzy_ratio,unmatched
Alexander Dorn,alexander dorn,,alexander bernhardsson,85.71,fuzzy_partial_ratio,manual_review
Paul Gehrmann,paul gehrmann,,,53.85,fuzzy_partial_ratio,unmatched
Lukas Manneck,lukas manneck,,,62.5,fuzzy_partial_ratio,unmatched
Robin Gerber,robin gerber,,,58.33,fuzzy_partial_ratio,unmatched
Luca Jensen,luca jensen,,,57.14,fuzzy_partial_ratio,unmatched
Armin Mujevic,armin mujevic,,,69.23,fuzzy_ratio,unmatched
Erik Tuttobene,erik tuttobene,,,58.82,fuzzy_partial_ratio,unmatched
Jakob Pollok,jakob pollok,,,52.17,fuzzy_ratio,unmatched
Marcel Meinen,marcel meinen,,,66.67,fuzzy_partial_ratio,unmatched
Joshua Ugorji,joshua ugorji,,,50.0,fuzzy_ratio,unmatched
Mohammad Maghanes,mohammad maghanes,,,58.33,fuzzy_partial_ratio,unmatched
Marco Sorg,marco sorg,,,77.78,fuzzy_partial_ratio,unmatched
Luca Pompeo,luca pompeo,,,47.62,fuzzy_partial_ratio,unmatched
Lukas Hollenstein,lukas hollenstein,,,57.14,fuzzy_partial_ratio,unmatched
Maksym Grudnytskyi,maksym grudnytskyi,,,50.0,fuzzy_partial_ratio,unmatched
Jannis Waßmuth,jannis wamuth,,,54.55,fuzzy_partial_ratio,unmatched
Louis Frank,louis frank,,,55.56,fuzzy_partial_ratio,unmatched
Simon Mitze,simon mitze,,,57.14,fuzzy_partial_ratio,unmatched
Justin Six,justin six,,,53.33,fuzzy_partial_ratio,unmatched
Janis Wolff,janis wolff,,,54.55,fuzzy_partial_ratio,unmatched
Louis Wickenhöfer,louis wickenhofer,,,50.0,fuzzy_partial_ratio,unmatched
Kemal Celik,kemal celik,,,55.56,fuzzy_partial_ratio,unmatched
Christoph Völker,christoph volker,,,52.63,fuzzy_partial_ratio,unmatched
Benedikt Brusch,benedikt brusch,,,47.06,fuzzy_partial_ratio,unmatched
Jonathan Gamarca,jonathan gamarca,,,51.85,fuzzy_partial_ratio,unmatched
Luis Muth,luis muth,,,58.82,fuzzy_partial_ratio,unmatched
Fynn Butterweck,fynn butterweck,,,44.44,fuzzy_partial_ratio,unmatched
Valon Ademi,valon ademi,,,54.55,fuzzy_partial_ratio,unmatched
Lamin Kamara,lamin kamara,,,52.63,fuzzy_partial_ratio,unmatched
Eric Fuchs,eric fuchs,,,75.0,fuzzy_partial_ratio,unmatched
Justin Gümbel,justin gumbel,,,48.0,fuzzy_token_sort_ratio,unmatched
Burak Yavuz,burak yavuz,,,47.06,fuzzy_partial_ratio,unmatched
Valentin Nasarov,valentin nasarov,,,50.0,fuzzy_partial_ratio,unmatched
Maxim Zich,maxim zich,,,52.63,fuzzy_partial_ratio,unmatched
Noah Imhof,noah imhof,,,73.68,fuzzy_partial_ratio,unmatched
Marvin Schwäbe,marvin schwabe,,,57.14,fuzzy_partial_ratio,unmatched
Ron-Robert Zieler,ronrobert zieler,,,74.07,fuzzy_partial_ratio,unmatched
Matthias Köbbing,matthias kobbing,,,55.56,fuzzy_partial_ratio,unmatched
Rav van den Berg,rav van den berg,,,68.75,fuzzy_partial_ratio,unmatched
Timo Hübers,timo hubers,,,55.56,fuzzy_partial_ratio,unmatched
Joël Schmied,joel schmied,,,58.82,fuzzy_partial_ratio,unmatched
Cenk Özkacar,cenk ozkacar,,,50.0,fuzzy_partial_ratio,unmatched
Dominique Heintz,dominique heintz,,,57.14,fuzzy_partial_ratio,unmatched
Luca Kilian,luca kilian,,,60.87,fuzzy_ratio,unmatched
Neo Telle,neo telle,,,62.5,fuzzy_partial_ratio,unmatched
Kristoffer Lund,kristoffer lund,,,59.46,fuzzy_token_set_ratio,unmatched
Jusuf Gazibegovic,jusuf gazibegovic,,,45.45,fuzzy_partial_ratio,unmatched
Sebastian Sebulonsen,sebastian sebulonsen,,,75.86,fuzzy_partial_ratio,unmatched
Eric Martel,eric martel,,,63.64,fuzzy_partial_ratio,unmatched
Fayssal Harchaoui,fayssal harchaoui,,,51.85,fuzzy_partial_ratio,unmatched
Ísak Jóhannesson,isak johannesson,,,47.62,fuzzy_partial_ratio,unmatched
Tom Krauß,tom krau,,,62.5,fuzzy_partial_ratio,unmatched
Denis Huseinbasic,denis huseinbasic,,,62.07,fuzzy_partial_ratio,unmatched
Emin Kujovic,emin kujovic,,,52.63,fuzzy_partial_ratio,unmatched
Alessio Castro-Montes,alessio castromontes,,,52.63,fuzzy_partial_ratio,unmatched
Florian Kainz,florian kainz,,,63.64,fuzzy_partial_ratio,unmatched
Jakub Kaminski,jakub kaminski,,,54.55,fuzzy_partial_ratio,unmatched
Linton Maina,linton maina,,,50.0,fuzzy_partial_ratio,unmatched
Said El Mala,said el mala,,,60.87,fuzzy_partial_ratio,unmatched
Marius Bülter,marius bulter,,,54.55,fuzzy_partial_ratio,unmatched
Jan Thielmann,jan thielmann,,,52.63,fuzzy_partial_ratio,unmatched
Ragnar Ache,ragnar ache,,,63.64,fuzzy_token_sort_ratio,unmatched
Luca Waldschmidt,luca waldschmidt,,,58.82,fuzzy_partial_ratio,unmatched
Malek El Mala,malek el mala,,,54.55,fuzzy_partial_ratio,unmatched
