id,utcDate,matchday,homeTeam.id,homeTeam.name,awayTeam.id,awayTeam.name,score.fullTime.home,score.fullTime.away,result
441789,2023-08-18T18:30:00Z,1,12,SV Werder Bremen,5,FC Bayern München,0,4,AwayWin
441792,2023-08-19T13:30:00Z,1,3,Bayer 04 Leverkusen,721,RB Leipzig,3,2,HomeWin
441794,2023-08-19T13:30:00Z,1,11,VfL Wolfsburg,44,1. FC Heidenheim 1846,2,0,HomeWin
441795,2023-08-19T13:30:00Z,1,2,TSG 1899 Hoffenheim,17,SC Freiburg,1,2,AwayWin
441796,2023-08-19T13:30:00Z,1,16,FC Augsburg,18,Borussia Mönchengladbach,4,4,Draw
441797,2023-08-19T13:30:00Z,1,10,VfB Stuttgart,36,VfL Bochum 1848,5,0,HomeWin
441790,2023-08-19T16:30:00Z,1,4,Borussia Dortmund,1,1. FC Köln,1,0,HomeWin
441791,2023-08-20T13:30:00Z,1,28,1. FC Union Berlin,15,1. FSV Mainz 05,4,1,HomeWin
441793,2023-08-20T15:30:00Z,1,19,Eintracht Frankfurt,55,SV Darmstadt 98,1,0,HomeWin
441799,2023-08-25T18:30:00Z,2,721,RB Leipzig,10,VfB Stuttgart,5,1,HomeWin
441800,2023-08-26T13:30:00Z,2,17,SC Freiburg,12,SV Werder Bremen,1,0,HomeWin
441803,2023-08-26T13:30:00Z,2,1,1. FC Köln,11,VfL Wolfsburg,1,2,AwayWin
441804,2023-08-26T13:30:00Z,2,36,VfL Bochum 1848,4,Borussia Dortmund,1,1,Draw
441805,2023-08-26T13:30:00Z,2,44,1. FC Heidenheim 1846,2,TSG 1899 Hoffenheim,2,3,AwayWin
441806,2023-08-26T13:30:00Z,2,55,SV Darmstadt 98,28,1. FC Union Berlin,1,4,AwayWin
441802,2023-08-26T16:30:00Z,2,18,Borussia Mönchengladbach,3,Bayer 04 Leverkusen,0,3,AwayWin
441801,2023-08-27T13:30:00Z,2,15,1. FSV Mainz 05,19,Eintracht Frankfurt,1,1,Draw
441798,2023-08-27T15:30:00Z,2,5,FC Bayern München,16,FC Augsburg,3,1,HomeWin
441807,2023-09-01T18:30:00Z,3,4,Borussia Dortmund,44,1. FC Heidenheim 1846,2,2,Draw
441809,2023-09-02T13:30:00Z,3,3,Bayer 04 Leverkusen,55,SV Darmstadt 98,5,1,HomeWin
441812,2023-09-02T13:30:00Z,3,2,TSG 1899 Hoffenheim,11,VfL Wolfsburg,3,1,HomeWin
441813,2023-09-02T13:30:00Z,3,12,SV Werder Bremen,15,1. FSV Mainz 05,4,0,HomeWin
441814,2023-09-02T13:30:00Z,3,16,FC Augsburg,36,VfL Bochum 1848,2,2,Draw
441815,2023-09-02T13:30:00Z,3,10,VfB Stuttgart,17,SC Freiburg,5,0,HomeWin
441811,2023-09-02T16:30:00Z,3,18,Borussia Mönchengladbach,5,FC Bayern München,1,2,AwayWin
441810,2023-09-03T13:30:00Z,3,19,Eintracht Frankfurt,1,1. FC Köln,1,1,Draw
441808,2023-09-03T15:30:00Z,3,28,1. FC Union Berlin,721,RB Leipzig,0,3,AwayWin
441816,2023-09-15T18:30:00Z,4,5,FC Bayern München,3,Bayer 04 Leverkusen,2,2,Draw
441817,2023-09-16T13:30:00Z,4,721,RB Leipzig,16,FC Augsburg,3,0,HomeWin
441818,2023-09-16T13:30:00Z,4,17,SC Freiburg,4,Borussia Dortmund,2,4,AwayWin
441819,2023-09-16T13:30:00Z,4,11,VfL Wolfsburg,28,1. FC Union Berlin,2,1,HomeWin
441820,2023-09-16T13:30:00Z,4,15,1. FSV Mainz 05,10,VfB Stuttgart,1,3,AwayWin
441821,2023-09-16T13:30:00Z,4,1,1. FC Köln,2,TSG 1899 Hoffenheim,1,3,AwayWin
441822,2023-09-16T16:30:00Z,4,36,VfL Bochum 1848,19,Eintracht Frankfurt,1,1,Draw
441823,2023-09-17T13:30:00Z,4,44,1. FC Heidenheim 1846,12,SV Werder Bremen,4,2,HomeWin
441824,2023-09-17T15:30:00Z,4,55,SV Darmstadt 98,18,Borussia Mönchengladbach,3,3,Draw
441833,2023-09-22T18:30:00Z,5,10,VfB Stuttgart,55,SV Darmstadt 98,3,1,HomeWin
441825,2023-09-23T13:30:00Z,5,5,FC Bayern München,36,VfL Bochum 1848,7,0,HomeWin
441826,2023-09-23T13:30:00Z,5,4,Borussia Dortmund,11,VfL Wolfsburg,1,0,HomeWin
441827,2023-09-23T13:30:00Z,5,28,1. FC Union Berlin,2,TSG 1899 Hoffenheim,0,2,AwayWin
441830,2023-09-23T13:30:00Z,5,18,Borussia Mönchengladbach,721,RB Leipzig,0,1,AwayWin
441832,2023-09-23T13:30:00Z,5,16,FC Augsburg,15,1. FSV Mainz 05,2,1,HomeWin
441831,2023-09-23T16:30:00Z,5,12,SV Werder Bremen,1,1. FC Köln,2,1,HomeWin
441828,2023-09-24T13:30:00Z,5,3,Bayer 04 Leverkusen,44,1. FC Heidenheim 1846,4,1,HomeWin
441829,2023-09-24T15:30:00Z,5,19,Eintracht Frankfurt,17,SC Freiburg,0,0,Draw
441839,2023-09-29T18:30:00Z,6,2,TSG 1899 Hoffenheim,4,Borussia Dortmund,1,3,AwayWin
441836,2023-09-30T13:30:00Z,6,11,VfL Wolfsburg,19,Eintracht Frankfurt,2,0,HomeWin
441837,2023-09-30T13:30:00Z,6,15,1. FSV Mainz 05,3,Bayer 04 Leverkusen,0,3,AwayWin
441838,2023-09-30T13:30:00Z,6,1,1. FC Köln,10,VfB Stuttgart,0,2,AwayWin
441840,2023-09-30T13:30:00Z,6,36,VfL Bochum 1848,18,Borussia Mönchengladbach,1,3,AwayWin
441841,2023-09-30T13:30:00Z,6,44,1. FC Heidenheim 1846,28,1. FC Union Berlin,1,0,HomeWin
441834,2023-09-30T16:30:00Z,6,721,RB Leipzig,5,FC Bayern München,2,2,Draw
441842,2023-10-01T13:30:00Z,6,55,SV Darmstadt 98,12,SV Werder Bremen,4,2,HomeWin
441835,2023-10-01T15:30:00Z,6,17,SC Freiburg,16,FC Augsburg,2,0,HomeWin
441848,2023-10-06T18:30:00Z,7,18,Borussia Mönchengladbach,15,1. FSV Mainz 05,2,2,Draw
441844,2023-10-07T13:30:00Z,7,4,Borussia Dortmund,28,1. FC Union Berlin,4,2,HomeWin
441845,2023-10-07T13:30:00Z,7,721,RB Leipzig,36,VfL Bochum 1848,0,0,Draw
441850,2023-10-07T13:30:00Z,7,16,FC Augsburg,55,SV Darmstadt 98,1,2,AwayWin
441851,2023-10-07T13:30:00Z,7,10,VfB Stuttgart,11,VfL Wolfsburg,3,1,HomeWin
441849,2023-10-07T16:30:00Z,7,12,SV Werder Bremen,2,TSG 1899 Hoffenheim,2,3,AwayWin
441846,2023-10-08T13:30:00Z,7,3,Bayer 04 Leverkusen,1,1. FC Köln,3,0,HomeWin
441843,2023-10-08T15:30:00Z,7,5,FC Bayern München,17,SC Freiburg,3,0,HomeWin
441847,2023-10-08T17:30:00Z,7,19,Eintracht Frankfurt,44,1. FC Heidenheim 1846,2,0,HomeWin
441852,2023-10-20T18:30:00Z,8,4,Borussia Dortmund,12,SV Werder Bremen,1,0,HomeWin
441858,2023-10-21T13:30:00Z,8,2,TSG 1899 Hoffenheim,19,Eintracht Frankfurt,1,3,AwayWin
441860,2023-10-21T13:30:00Z,8,55,SV Darmstadt 98,721,RB Leipzig,1,3,AwayWin
441853,2023-10-21T13:30:00Z,8,28,1. FC Union Berlin,10,VfB Stuttgart,0,3,AwayWin
441854,2023-10-21T13:30:00Z,8,17,SC Freiburg,36,VfL Bochum 1848,2,1,HomeWin
441855,2023-10-21T13:30:00Z,8,11,VfL Wolfsburg,3,Bayer 04 Leverkusen,1,2,AwayWin
441856,2023-10-21T16:30:00Z,8,15,1. FSV Mainz 05,5,FC Bayern München,1,3,AwayWin
441857,2023-10-22T13:30:00Z,8,1,1. FC Köln,18,Borussia Mönchengladbach,3,1,HomeWin
441859,2023-10-22T15:30:00Z,8,44,1. FC Heidenheim 1846,16,FC Augsburg,2,5,AwayWin
441867,2023-10-27T18:30:00Z,9,36,VfL Bochum 1848,15,1. FSV Mainz 05,2,2,Draw
441861,2023-10-28T13:30:00Z,9,5,FC Bayern München,55,SV Darmstadt 98,8,0,HomeWin
441865,2023-10-28T13:30:00Z,9,18,Borussia Mönchengladbach,44,1. FC Heidenheim 1846,2,1,HomeWin
441866,2023-10-28T13:30:00Z,9,12,SV Werder Bremen,28,1. FC Union Berlin,2,0,HomeWin
441868,2023-10-28T13:30:00Z,9,16,FC Augsburg,11,VfL Wolfsburg,3,2,HomeWin
441869,2023-10-28T13:30:00Z,9,10,VfB Stuttgart,2,TSG 1899 Hoffenheim,2,3,AwayWin
441862,2023-10-28T16:30:00Z,9,721,RB Leipzig,1,1. FC Köln,6,0,HomeWin
441864,2023-10-29T14:30:00Z,9,19,Eintracht Frankfurt,4,Borussia Dortmund,3,3,Draw
441863,2023-10-29T16:30:00Z,9,3,Bayer 04 Leverkusen,17,SC Freiburg,2,1,HomeWin
441878,2023-11-03T19:30:00Z,10,55,SV Darmstadt 98,36,VfL Bochum 1848,1,2,AwayWin
441871,2023-11-04T14:30:00Z,10,28,1. FC Union Berlin,19,Eintracht Frankfurt,0,3,AwayWin
441872,2023-11-04T14:30:00Z,10,17,SC Freiburg,18,Borussia Mönchengladbach,3,3,Draw
441874,2023-11-04T14:30:00Z,10,15,1. FSV Mainz 05,721,RB Leipzig,2,0,HomeWin
441875,2023-11-04T14:30:00Z,10,1,1. FC Köln,16,FC Augsburg,1,1,Draw
441876,2023-11-04T14:30:00Z,10,2,TSG 1899 Hoffenheim,3,Bayer 04 Leverkusen,2,3,AwayWin
441870,2023-11-04T17:30:00Z,10,4,Borussia Dortmund,5,FC Bayern München,0,4,AwayWin
441873,2023-11-05T14:30:00Z,10,11,VfL Wolfsburg,12,SV Werder Bremen,2,2,Draw
441877,2023-11-05T16:30:00Z,10,44,1. FC Heidenheim 1846,10,VfB Stuttgart,2,0,HomeWin
441882,2023-11-10T19:30:00Z,11,18,Borussia Mönchengladbach,11,VfL Wolfsburg,4,0,HomeWin
441879,2023-11-11T14:30:00Z,11,5,FC Bayern München,44,1. FC Heidenheim 1846,4,2,HomeWin
441885,2023-11-11T14:30:00Z,11,16,FC Augsburg,2,TSG 1899 Hoffenheim,1,1,Draw
441886,2023-11-11T14:30:00Z,11,10,VfB Stuttgart,4,Borussia Dortmund,2,1,HomeWin
441887,2023-11-11T14:30:00Z,11,55,SV Darmstadt 98,15,1. FSV Mainz 05,0,0,Draw
441884,2023-11-11T17:30:00Z,11,36,VfL Bochum 1848,1,1. FC Köln,1,1,Draw
441881,2023-11-12T14:30:00Z,11,3,Bayer 04 Leverkusen,28,1. FC Union Berlin,4,0,HomeWin
441883,2023-11-12T16:30:00Z,11,12,SV Werder Bremen,19,Eintracht Frankfurt,2,2,Draw
441880,2023-11-12T18:30:00Z,11,721,RB Leipzig,17,SC Freiburg,3,1,HomeWin
441893,2023-11-24T19:30:00Z,12,1,1. FC Köln,5,FC Bayern München,0,1,AwayWin
441888,2023-11-25T14:30:00Z,12,4,Borussia Dortmund,18,Borussia Mönchengladbach,4,2,HomeWin
441889,2023-11-25T14:30:00Z,12,28,1. FC Union Berlin,16,FC Augsburg,1,1,Draw
441890,2023-11-25T14:30:00Z,12,17,SC Freiburg,55,SV Darmstadt 98,1,1,Draw
441892,2023-11-25T14:30:00Z,12,11,VfL Wolfsburg,721,RB Leipzig,2,1,HomeWin
441895,2023-11-25T14:30:00Z,12,12,SV Werder Bremen,3,Bayer 04 Leverkusen,0,3,AwayWin
441891,2023-11-25T17:30:00Z,12,19,Eintracht Frankfurt,10,VfB Stuttgart,1,2,AwayWin
441896,2023-11-26T14:30:00Z,12,44,1. FC Heidenheim 1846,36,VfL Bochum 1848,0,0,Draw
441894,2023-11-26T16:30:00Z,12,2,TSG 1899 Hoffenheim,15,1. FSV Mainz 05,1,1,Draw
441905,2023-12-01T19:30:00Z,13,55,SV Darmstadt 98,1,1. FC Köln,0,1,AwayWin
441898,2023-12-02T14:30:00Z,13,721,RB Leipzig,44,1. FC Heidenheim 1846,2,1,HomeWin
441901,2023-12-02T14:30:00Z,13,18,Borussia Mönchengladbach,2,TSG 1899 Hoffenheim,2,1,HomeWin
441902,2023-12-02T14:30:00Z,13,36,VfL Bochum 1848,11,VfL Wolfsburg,3,1,HomeWin
441904,2023-12-02T17:30:00Z,13,10,VfB Stuttgart,12,SV Werder Bremen,2,0,HomeWin
441900,2023-12-03T14:30:00Z,13,15,1. FSV Mainz 05,17,SC Freiburg,0,1,AwayWin
441899,2023-12-03T16:30:00Z,13,3,Bayer 04 Leverkusen,4,Borussia Dortmund,1,1,Draw
441903,2023-12-03T18:30:00Z,13,16,FC Augsburg,19,Eintracht Frankfurt,2,1,HomeWin
441911,2023-12-08T19:30:00Z,14,2,TSG 1899 Hoffenheim,36,VfL Bochum 1848,3,1,HomeWin
441907,2023-12-09T14:30:00Z,14,28,1. FC Union Berlin,18,Borussia Mönchengladbach,3,1,HomeWin
441908,2023-12-09T14:30:00Z,14,19,Eintracht Frankfurt,5,FC Bayern München,5,1,HomeWin
441909,2023-12-09T14:30:00Z,14,11,VfL Wolfsburg,17,SC Freiburg,0,1,AwayWin
441912,2023-12-09T14:30:00Z,14,12,SV Werder Bremen,16,FC Augsburg,2,0,HomeWin
441914,2023-12-09T14:30:00Z,14,44,1. FC Heidenheim 1846,55,SV Darmstadt 98,3,2,HomeWin
441906,2023-12-09T17:30:00Z,14,4,Borussia Dortmund,721,RB Leipzig,2,3,AwayWin
441913,2023-12-10T14:30:00Z,14,10,VfB Stuttgart,3,Bayer 04 Leverkusen,1,1,Draw
441910,2023-12-10T16:30:00Z,14,1,1. FC Köln,15,1. FSV Mainz 05,0,0,Draw
441920,2023-12-15T19:30:00Z,15,18,Borussia Mönchengladbach,12,SV Werder Bremen,2,2,Draw
441919,2023-12-16T14:30:00Z,15,15,1. FSV Mainz 05,44,1. FC Heidenheim 1846,0,1,AwayWin
441921,2023-12-16T14:30:00Z,15,36,VfL Bochum 1848,28,1. FC Union Berlin,3,0,HomeWin
441922,2023-12-16T14:30:00Z,15,16,FC Augsburg,4,Borussia Dortmund,1,1,Draw
441923,2023-12-16T14:30:00Z,15,55,SV Darmstadt 98,11,VfL Wolfsburg,0,1,AwayWin
441916,2023-12-16T17:30:00Z,15,721,RB Leipzig,2,TSG 1899 Hoffenheim,3,1,HomeWin
441917,2023-12-17T14:30:00Z,15,17,SC Freiburg,1,1. FC Köln,2,0,HomeWin
441918,2023-12-17T16:30:00Z,15,3,Bayer 04 Leverkusen,19,Eintracht Frankfurt,3,0,HomeWin
441915,2023-12-17T18:30:00Z,15,5,FC Bayern München,10,VfB Stuttgart,3,0,HomeWin
441930,2023-12-19T17:30:00Z,16,12,SV Werder Bremen,721,RB Leipzig,1,1,Draw
441924,2023-12-19T19:30:00Z,16,4,Borussia Dortmund,15,1. FSV Mainz 05,1,1,Draw
441929,2023-12-19T19:30:00Z,16,2,TSG 1899 Hoffenheim,55,SV Darmstadt 98,3,3,Draw
441925,2023-12-20T17:30:00Z,16,28,1. FC Union Berlin,1,1. FC Köln,2,0,HomeWin
441926,2023-12-20T19:30:00Z,16,3,Bayer 04 Leverkusen,36,VfL Bochum 1848,4,0,HomeWin
441927,2023-12-20T19:30:00Z,16,19,Eintracht Frankfurt,18,Borussia Mönchengladbach,2,1,HomeWin
441928,2023-12-20T19:30:00Z,16,11,VfL Wolfsburg,5,FC Bayern München,1,2,AwayWin
441931,2023-12-20T19:30:00Z,16,10,VfB Stuttgart,16,FC Augsburg,3,0,HomeWin
441932,2023-12-20T19:30:00Z,16,44,1. FC Heidenheim 1846,17,SC Freiburg,3,2,HomeWin
441933,2024-01-12T19:30:00Z,17,5,FC Bayern München,2,TSG 1899 Hoffenheim,3,0,HomeWin
441934,2024-01-13T14:30:00Z,17,721,RB Leipzig,19,Eintracht Frankfurt,0,1,AwayWin
441935,2024-01-13T14:30:00Z,17,17,SC Freiburg,28,1. FC Union Berlin,0,0,Draw
441936,2024-01-13T14:30:00Z,17,15,1. FSV Mainz 05,11,VfL Wolfsburg,1,1,Draw
441938,2024-01-13T14:30:00Z,17,1,1. FC Köln,44,1. FC Heidenheim 1846,1,1,Draw
441940,2024-01-13T14:30:00Z,17,16,FC Augsburg,3,Bayer 04 Leverkusen,0,1,AwayWin
441941,2024-01-13T17:30:00Z,17,55,SV Darmstadt 98,4,Borussia Dortmund,0,3,AwayWin
441939,2024-01-14T14:30:00Z,17,36,VfL Bochum 1848,12,SV Werder Bremen,1,1,Draw
441937,2024-01-14T16:30:00Z,17,18,Borussia Mönchengladbach,10,VfB Stuttgart,3,1,HomeWin
441943,2024-01-20T14:30:00Z,18,1,1. FC Köln,4,Borussia Dortmund,0,4,AwayWin
441946,2024-01-20T14:30:00Z,18,55,SV Darmstadt 98,19,Eintracht Frankfurt,2,2,Draw
441947,2024-01-20T14:30:00Z,18,44,1. FC Heidenheim 1846,11,VfL Wolfsburg,1,1,Draw
441948,2024-01-20T14:30:00Z,18,17,SC Freiburg,2,TSG 1899 Hoffenheim,3,2,HomeWin
441950,2024-01-20T14:30:00Z,18,36,VfL Bochum 1848,10,VfB Stuttgart,1,0,HomeWin
441945,2024-01-20T17:30:00Z,18,721,RB Leipzig,3,Bayer 04 Leverkusen,2,3,AwayWin
441942,2024-01-21T14:30:00Z,18,5,FC Bayern München,12,SV Werder Bremen,0,1,AwayWin
441949,2024-01-21T16:30:00Z,18,18,Borussia Mönchengladbach,16,FC Augsburg,1,2,AwayWin
441897,2024-01-24T19:30:00Z,13,5,FC Bayern München,28,1. FC Union Berlin,1,0,HomeWin
441954,2024-01-26T19:30:00Z,19,19,Eintracht Frankfurt,15,1. FSV Mainz 05,1,0,HomeWin
441951,2024-01-27T14:30:00Z,19,16,FC Augsburg,5,FC Bayern München,2,3,AwayWin
441952,2024-01-27T14:30:00Z,19,10,VfB Stuttgart,721,RB Leipzig,5,2,HomeWin
441953,2024-01-27T14:30:00Z,19,12,SV Werder Bremen,17,SC Freiburg,3,1,HomeWin
441956,2024-01-27T14:30:00Z,19,11,VfL Wolfsburg,1,1. FC Köln,1,1,Draw
441958,2024-01-27T14:30:00Z,19,2,TSG 1899 Hoffenheim,44,1. FC Heidenheim 1846,1,1,Draw
441955,2024-01-27T17:30:00Z,19,3,Bayer 04 Leverkusen,18,Borussia Mönchengladbach,0,0,Draw
441959,2024-01-28T14:30:00Z,19,28,1. FC Union Berlin,55,SV Darmstadt 98,1,0,HomeWin
441957,2024-01-28T16:30:00Z,19,4,Borussia Dortmund,36,VfL Bochum 1848,3,1,HomeWin
441960,2024-02-02T19:30:00Z,20,44,1. FC Heidenheim 1846,4,Borussia Dortmund,0,0,Draw
441962,2024-02-03T14:30:00Z,20,55,SV Darmstadt 98,3,Bayer 04 Leverkusen,0,2,AwayWin
441964,2024-02-03T14:30:00Z,20,5,FC Bayern München,18,Borussia Mönchengladbach,3,1,HomeWin
441966,2024-02-03T14:30:00Z,20,15,1. FSV Mainz 05,12,SV Werder Bremen,0,1,AwayWin
441967,2024-02-03T14:30:00Z,20,36,VfL Bochum 1848,16,FC Augsburg,1,1,Draw
441968,2024-02-03T14:30:00Z,20,17,SC Freiburg,10,VfB Stuttgart,1,3,AwayWin
441963,2024-02-03T17:30:00Z,20,1,1. FC Köln,19,Eintracht Frankfurt,2,0,HomeWin
441965,2024-02-04T14:30:00Z,20,11,VfL Wolfsburg,2,TSG 1899 Hoffenheim,2,2,Draw
441961,2024-02-04T16:30:00Z,20,721,RB Leipzig,28,1. FC Union Berlin,2,0,HomeWin
441944,2024-02-07T17:30:00Z,18,15,1. FSV Mainz 05,28,1. FC Union Berlin,1,1,Draw
441971,2024-02-09T19:30:00Z,21,4,Borussia Dortmund,17,SC Freiburg,3,0,HomeWin
441970,2024-02-10T14:30:00Z,21,16,FC Augsburg,721,RB Leipzig,2,2,Draw
441972,2024-02-10T14:30:00Z,21,28,1. FC Union Berlin,11,VfL Wolfsburg,1,0,HomeWin
441975,2024-02-10T14:30:00Z,21,19,Eintracht Frankfurt,36,VfL Bochum 1848,1,1,Draw
441976,2024-02-10T14:30:00Z,21,12,SV Werder Bremen,44,1. FC Heidenheim 1846,1,2,AwayWin
441977,2024-02-10T14:30:00Z,21,18,Borussia Mönchengladbach,55,SV Darmstadt 98,0,0,Draw
441969,2024-02-10T17:30:00Z,21,3,Bayer 04 Leverkusen,5,FC Bayern München,3,0,HomeWin
441973,2024-02-11T14:30:00Z,21,10,VfB Stuttgart,15,1. FSV Mainz 05,3,1,HomeWin
441974,2024-02-11T16:30:00Z,21,2,TSG 1899 Hoffenheim,1,1. FC Köln,1,1,Draw
441984,2024-02-16T19:30:00Z,22,1,1. FC Köln,12,SV Werder Bremen,0,1,AwayWin
441979,2024-02-17T14:30:00Z,22,11,VfL Wolfsburg,4,Borussia Dortmund,1,1,Draw
441980,2024-02-17T14:30:00Z,22,2,TSG 1899 Hoffenheim,28,1. FC Union Berlin,0,1,AwayWin
441981,2024-02-17T14:30:00Z,22,44,1. FC Heidenheim 1846,3,Bayer 04 Leverkusen,1,2,AwayWin
441985,2024-02-17T14:30:00Z,22,15,1. FSV Mainz 05,16,FC Augsburg,1,0,HomeWin
441986,2024-02-17T14:30:00Z,22,55,SV Darmstadt 98,10,VfB Stuttgart,1,2,AwayWin
441983,2024-02-17T17:30:00Z,22,721,RB Leipzig,18,Borussia Mönchengladbach,2,0,HomeWin
441982,2024-02-18T14:30:00Z,22,17,SC Freiburg,19,Eintracht Frankfurt,3,3,Draw
441978,2024-02-18T16:30:00Z,22,36,VfL Bochum 1848,5,FC Bayern München,3,2,HomeWin
441990,2024-02-23T19:30:00Z,23,3,Bayer 04 Leverkusen,15,1. FSV Mainz 05,2,1,HomeWin
441991,2024-02-24T14:30:00Z,23,10,VfB Stuttgart,1,1. FC Köln,1,1,Draw
441994,2024-02-24T14:30:00Z,23,28,1. FC Union Berlin,44,1. FC Heidenheim 1846,2,2,Draw
441995,2024-02-24T14:30:00Z,23,12,SV Werder Bremen,55,SV Darmstadt 98,1,1,Draw
441993,2024-02-24T14:40:00Z,23,18,Borussia Mönchengladbach,36,VfL Bochum 1848,5,2,HomeWin
441987,2024-02-24T17:30:00Z,23,5,FC Bayern München,721,RB Leipzig,2,1,HomeWin
441989,2024-02-25T14:30:00Z,23,19,Eintracht Frankfurt,11,VfL Wolfsburg,2,2,Draw
441992,2024-02-25T16:30:00Z,23,4,Borussia Dortmund,2,TSG 1899 Hoffenheim,2,3,AwayWin
441988,2024-02-25T18:30:00Z,23,16,FC Augsburg,17,SC Freiburg,2,1,HomeWin
441996,2024-03-01T19:30:00Z,24,17,SC Freiburg,5,FC Bayern München,2,2,Draw
441997,2024-03-02T14:30:00Z,24,28,1. FC Union Berlin,4,Borussia Dortmund,0,2,AwayWin
441998,2024-03-02T14:30:00Z,24,36,VfL Bochum 1848,721,RB Leipzig,1,4,AwayWin
442000,2024-03-02T14:30:00Z,24,44,1. FC Heidenheim 1846,19,Eintracht Frankfurt,1,2,AwayWin
442001,2024-03-02T14:30:00Z,24,15,1. FSV Mainz 05,18,Borussia Mönchengladbach,1,1,Draw
442003,2024-03-02T14:30:00Z,24,55,SV Darmstadt 98,16,FC Augsburg,0,6,AwayWin
442004,2024-03-02T17:30:00Z,24,11,VfL Wolfsburg,10,VfB Stuttgart,2,3,AwayWin
441999,2024-03-03T14:30:00Z,24,1,1. FC Köln,3,Bayer 04 Leverkusen,0,2,AwayWin
442002,2024-03-03T16:30:00Z,24,2,TSG 1899 Hoffenheim,12,SV Werder Bremen,2,1,HomeWin
442006,2024-03-08T19:30:00Z,25,10,VfB Stuttgart,28,1. FC Union Berlin,2,0,HomeWin
442009,2024-03-09T14:30:00Z,25,5,FC Bayern München,15,1. FSV Mainz 05,8,1,HomeWin
442010,2024-03-09T14:30:00Z,25,18,Borussia Mönchengladbach,1,1. FC Köln,3,3,Draw
442012,2024-03-09T14:30:00Z,25,16,FC Augsburg,44,1. FC Heidenheim 1846,1,0,HomeWin
442013,2024-03-09T14:30:00Z,25,721,RB Leipzig,55,SV Darmstadt 98,2,0,HomeWin
442005,2024-03-09T17:30:00Z,25,12,SV Werder Bremen,4,Borussia Dortmund,1,2,AwayWin
442007,2024-03-10T14:30:00Z,25,36,VfL Bochum 1848,17,SC Freiburg,1,2,AwayWin
442011,2024-03-10T16:30:00Z,25,19,Eintracht Frankfurt,2,TSG 1899 Hoffenheim,3,1,HomeWin
442008,2024-03-10T18:30:00Z,25,3,Bayer 04 Leverkusen,11,VfL Wolfsburg,2,0,HomeWin
442015,2024-03-15T19:30:00Z,26,1,1. FC Köln,721,RB Leipzig,1,5,AwayWin
442014,2024-03-16T14:30:00Z,26,55,SV Darmstadt 98,5,FC Bayern München,2,5,AwayWin
442018,2024-03-16T14:30:00Z,26,44,1. FC Heidenheim 1846,18,Borussia Mönchengladbach,1,1,Draw
442019,2024-03-16T14:30:00Z,26,28,1. FC Union Berlin,12,SV Werder Bremen,2,1,HomeWin
442020,2024-03-16T14:30:00Z,26,15,1. FSV Mainz 05,36,VfL Bochum 1848,2,0,HomeWin
442021,2024-03-16T14:30:00Z,26,11,VfL Wolfsburg,16,FC Augsburg,1,3,AwayWin
442022,2024-03-16T17:30:00Z,26,2,TSG 1899 Hoffenheim,10,VfB Stuttgart,0,3,AwayWin
442016,2024-03-17T14:30:00Z,26,17,SC Freiburg,3,Bayer 04 Leverkusen,2,3,AwayWin
442017,2024-03-17T16:30:00Z,26,4,Borussia Dortmund,19,Eintracht Frankfurt,3,1,HomeWin
442024,2024-03-30T14:30:00Z,27,19,Eintracht Frankfurt,28,1. FC Union Berlin,0,0,Draw
442025,2024-03-30T14:30:00Z,27,18,Borussia Mönchengladbach,17,SC Freiburg,0,3,AwayWin
442026,2024-03-30T14:30:00Z,27,12,SV Werder Bremen,11,VfL Wolfsburg,0,2,AwayWin
442027,2024-03-30T14:30:00Z,27,721,RB Leipzig,15,1. FSV Mainz 05,0,0,Draw
442029,2024-03-30T14:30:00Z,27,3,Bayer 04 Leverkusen,2,TSG 1899 Hoffenheim,2,1,HomeWin
442023,2024-03-30T17:30:00Z,27,5,FC Bayern München,4,Borussia Dortmund,0,2,AwayWin
442028,2024-03-31T13:30:00Z,27,16,FC Augsburg,1,1. FC Köln,1,1,Draw
442030,2024-03-31T15:30:00Z,27,10,VfB Stuttgart,44,1. FC Heidenheim 1846,3,3,Draw
442031,2024-03-31T17:30:00Z,27,36,VfL Bochum 1848,55,SV Darmstadt 98,2,2,Draw
442036,2024-04-05T18:30:00Z,28,19,Eintracht Frankfurt,12,SV Werder Bremen,1,1,Draw
442032,2024-04-06T13:30:00Z,28,44,1. FC Heidenheim 1846,5,FC Bayern München,3,2,HomeWin
442033,2024-04-06T13:30:00Z,28,17,SC Freiburg,721,RB Leipzig,1,4,AwayWin
442034,2024-04-06T13:30:00Z,28,28,1. FC Union Berlin,3,Bayer 04 Leverkusen,0,1,AwayWin
442037,2024-04-06T13:30:00Z,28,1,1. FC Köln,36,VfL Bochum 1848,2,1,HomeWin
442040,2024-04-06T13:30:00Z,28,15,1. FSV Mainz 05,55,SV Darmstadt 98,4,0,HomeWin
442039,2024-04-06T16:30:00Z,28,4,Borussia Dortmund,10,VfB Stuttgart,0,1,AwayWin
442038,2024-04-07T13:30:00Z,28,2,TSG 1899 Hoffenheim,16,FC Augsburg,3,1,HomeWin
442035,2024-04-07T15:30:00Z,28,11,VfL Wolfsburg,18,Borussia Mönchengladbach,1,3,AwayWin
442042,2024-04-12T18:30:00Z,29,16,FC Augsburg,28,1. FC Union Berlin,2,0,HomeWin
442041,2024-04-13T13:30:00Z,29,18,Borussia Mönchengladbach,4,Borussia Dortmund,1,2,AwayWin
442045,2024-04-13T13:30:00Z,29,721,RB Leipzig,11,VfL Wolfsburg,3,0,HomeWin
442046,2024-04-13T13:30:00Z,29,5,FC Bayern München,1,1. FC Köln,2,0,HomeWin
442047,2024-04-13T13:30:00Z,29,15,1. FSV Mainz 05,2,TSG 1899 Hoffenheim,4,1,HomeWin
442049,2024-04-13T13:30:00Z,29,36,VfL Bochum 1848,44,1. FC Heidenheim 1846,1,1,Draw
442044,2024-04-13T16:30:00Z,29,10,VfB Stuttgart,19,Eintracht Frankfurt,3,0,HomeWin
442043,2024-04-14T13:30:00Z,29,55,SV Darmstadt 98,17,SC Freiburg,0,1,AwayWin
442048,2024-04-14T15:30:00Z,29,3,Bayer 04 Leverkusen,12,SV Werder Bremen,5,0,HomeWin
442056,2024-04-19T18:30:00Z,30,19,Eintracht Frankfurt,16,FC Augsburg,3,1,HomeWin
442051,2024-04-20T13:30:00Z,30,44,1. FC Heidenheim 1846,721,RB Leipzig,1,2,AwayWin
442054,2024-04-20T13:30:00Z,30,2,TSG 1899 Hoffenheim,18,Borussia Mönchengladbach,4,3,HomeWin
442055,2024-04-20T13:30:00Z,30,11,VfL Wolfsburg,36,VfL Bochum 1848,1,0,HomeWin
442058,2024-04-20T13:30:00Z,30,1,1. FC Köln,55,SV Darmstadt 98,0,2,AwayWin
442050,2024-04-20T16:30:00Z,30,28,1. FC Union Berlin,5,FC Bayern München,1,5,AwayWin
442057,2024-04-21T13:30:00Z,30,12,SV Werder Bremen,10,VfB Stuttgart,2,1,HomeWin
442052,2024-04-21T15:30:00Z,30,4,Borussia Dortmund,3,Bayer 04 Leverkusen,1,1,Draw
442053,2024-04-21T17:30:00Z,30,17,SC Freiburg,15,1. FSV Mainz 05,1,1,Draw
442064,2024-04-26T18:30:00Z,31,36,VfL Bochum 1848,2,TSG 1899 Hoffenheim,3,2,HomeWin
442059,2024-04-27T13:30:00Z,31,721,RB Leipzig,4,Borussia Dortmund,4,1,HomeWin
442061,2024-04-27T13:30:00Z,31,5,FC Bayern München,19,Eintracht Frankfurt,2,1,HomeWin
442062,2024-04-27T13:30:00Z,31,17,SC Freiburg,11,VfL Wolfsburg,1,2,AwayWin
442065,2024-04-27T13:30:00Z,31,16,FC Augsburg,12,SV Werder Bremen,0,3,AwayWin
442066,2024-04-27T16:30:00Z,31,3,Bayer 04 Leverkusen,10,VfB Stuttgart,2,2,Draw
442060,2024-04-28T13:30:00Z,31,18,Borussia Mönchengladbach,28,1. FC Union Berlin,0,0,Draw
442063,2024-04-28T15:30:00Z,31,15,1. FSV Mainz 05,1,1. FC Köln,1,1,Draw
442067,2024-04-28T17:30:00Z,31,55,SV Darmstadt 98,44,1. FC Heidenheim 1846,0,1,AwayWin
442069,2024-05-03T18:30:00Z,32,2,TSG 1899 Hoffenheim,721,RB Leipzig,1,1,Draw
442068,2024-05-04T13:30:00Z,32,10,VfB Stuttgart,5,FC Bayern München,3,1,HomeWin
442073,2024-05-04T13:30:00Z,32,12,SV Werder Bremen,18,Borussia Mönchengladbach,2,2,Draw
442075,2024-05-04T13:30:00Z,32,4,Borussia Dortmund,16,FC Augsburg,5,1,HomeWin
442076,2024-05-04T13:30:00Z,32,11,VfL Wolfsburg,55,SV Darmstadt 98,3,0,HomeWin
442070,2024-05-04T16:30:00Z,32,1,1. FC Köln,17,SC Freiburg,0,0,Draw
442074,2024-05-05T13:30:00Z,32,28,1. FC Union Berlin,36,VfL Bochum 1848,3,4,AwayWin
442071,2024-05-05T15:30:00Z,32,19,Eintracht Frankfurt,3,Bayer 04 Leverkusen,1,5,AwayWin
442072,2024-05-05T17:30:00Z,32,44,1. FC Heidenheim 1846,15,1. FSV Mainz 05,1,1,Draw
442084,2024-05-10T18:30:00Z,33,16,FC Augsburg,10,VfB Stuttgart,0,1,AwayWin
442078,2024-05-11T13:30:00Z,33,1,1. FC Köln,28,1. FC Union Berlin,3,2,HomeWin
442080,2024-05-11T13:30:00Z,33,18,Borussia Mönchengladbach,19,Eintracht Frankfurt,1,1,Draw
442083,2024-05-11T13:30:00Z,33,721,RB Leipzig,12,SV Werder Bremen,1,1,Draw
442085,2024-05-11T13:30:00Z,33,17,SC Freiburg,44,1. FC Heidenheim 1846,1,1,Draw
442077,2024-05-11T16:30:00Z,33,15,1. FSV Mainz 05,4,Borussia Dortmund,3,0,HomeWin
442082,2024-05-12T13:30:00Z,33,55,SV Darmstadt 98,2,TSG 1899 Hoffenheim,0,6,AwayWin
442081,2024-05-12T15:30:00Z,33,5,FC Bayern München,11,VfL Wolfsburg,2,0,HomeWin
442079,2024-05-12T17:30:00Z,33,36,VfL Bochum 1848,3,Bayer 04 Leverkusen,0,5,AwayWin
442086,2024-05-18T13:30:00Z,34,2,TSG 1899 Hoffenheim,5,FC Bayern München,4,2,HomeWin
442087,2024-05-18T13:30:00Z,34,19,Eintracht Frankfurt,721,RB Leipzig,2,2,Draw
442088,2024-05-18T13:30:00Z,34,28,1. FC Union Berlin,17,SC Freiburg,2,1,HomeWin
442089,2024-05-18T13:30:00Z,34,11,VfL Wolfsburg,15,1. FSV Mainz 05,1,3,AwayWin
442090,2024-05-18T13:30:00Z,34,10,VfB Stuttgart,18,Borussia Mönchengladbach,4,0,HomeWin
442091,2024-05-18T13:30:00Z,34,44,1. FC Heidenheim 1846,1,1. FC Köln,4,1,HomeWin
442092,2024-05-18T13:30:00Z,34,12,SV Werder Bremen,36,VfL Bochum 1848,4,1,HomeWin
442093,2024-05-18T13:30:00Z,34,3,Bayer 04 Leverkusen,16,FC Augsburg,2,1,HomeWin
442094,2024-05-18T13:30:00Z,34,4,Borussia Dortmund,55,SV Darmstadt 98,4,0,HomeWin
502371,2024-08-23T18:30:00Z,1,18,Borussia Mönchengladbach,3,Bayer 04 Leverkusen,2,3,AwayWin
502372,2024-08-24T13:30:00Z,1,721,RB Leipzig,36,VfL Bochum 1848,1,0,HomeWin
502374,2024-08-24T13:30:00Z,1,2,TSG 1899 Hoffenheim,720,Holstein Kiel,3,2,HomeWin
502375,2024-08-24T13:30:00Z,1,17,SC Freiburg,10,VfB Stuttgart,3,1,HomeWin
502376,2024-08-24T13:30:00Z,1,16,FC Augsburg,12,SV Werder Bremen,2,2,Draw
502378,2024-08-24T13:30:00Z,1,15,1. FSV Mainz 05,28,1. FC Union Berlin,1,1,Draw
502373,2024-08-24T16:30:00Z,1,4,Borussia Dortmund,19,Eintracht Frankfurt,2,0,HomeWin
502377,2024-08-25T13:30:00Z,1,11,VfL Wolfsburg,5,FC Bayern München,2,3,AwayWin
502379,2024-08-25T15:30:00Z,1,20,FC St. Pauli 1910,44,1. FC Heidenheim 1846,0,2,AwayWin
502386,2024-08-30T18:30:00Z,2,28,1. FC Union Berlin,20,FC St. Pauli 1910,1,0,HomeWin
502381,2024-08-31T13:30:00Z,2,10,VfB Stuttgart,15,1. FSV Mainz 05,3,3,Draw
502383,2024-08-31T13:30:00Z,2,19,Eintracht Frankfurt,2,TSG 1899 Hoffenheim,3,1,HomeWin
502385,2024-08-31T13:30:00Z,2,12,SV Werder Bremen,4,Borussia Dortmund,0,0,Draw
502387,2024-08-31T13:30:00Z,2,36,VfL Bochum 1848,18,Borussia Mönchengladbach,0,2,AwayWin
502388,2024-08-31T13:30:00Z,2,720,Holstein Kiel,11,VfL Wolfsburg,0,2,AwayWin
502380,2024-08-31T16:30:00Z,2,3,Bayer 04 Leverkusen,721,RB Leipzig,2,3,AwayWin
502384,2024-09-01T13:30:00Z,2,44,1. FC Heidenheim 1846,16,FC Augsburg,4,0,HomeWin
502382,2024-09-01T15:30:00Z,2,5,FC Bayern München,17,SC Freiburg,2,0,HomeWin
502390,2024-09-13T18:30:00Z,3,4,Borussia Dortmund,44,1. FC Heidenheim 1846,4,2,HomeWin
502389,2024-09-14T13:30:00Z,3,721,RB Leipzig,28,1. FC Union Berlin,0,0,Draw
502391,2024-09-14T13:30:00Z,3,2,TSG 1899 Hoffenheim,3,Bayer 04 Leverkusen,1,4,AwayWin
502392,2024-09-14T13:30:00Z,3,17,SC Freiburg,36,VfL Bochum 1848,2,1,HomeWin
502394,2024-09-14T13:30:00Z,3,11,VfL Wolfsburg,19,Eintracht Frankfurt,1,2,AwayWin
502396,2024-09-14T13:30:00Z,3,18,Borussia Mönchengladbach,10,VfB Stuttgart,1,3,AwayWin
502397,2024-09-14T16:30:00Z,3,720,Holstein Kiel,5,FC Bayern München,1,6,AwayWin
502393,2024-09-15T13:30:00Z,3,16,FC Augsburg,20,FC St. Pauli 1910,3,1,HomeWin
502395,2024-09-15T15:30:00Z,3,15,1. FSV Mainz 05,12,SV Werder Bremen,1,2,AwayWin
502403,2024-09-20T18:30:00Z,4,16,FC Augsburg,15,1. FSV Mainz 05,2,3,AwayWin
502401,2024-09-21T13:30:00Z,4,44,1. FC Heidenheim 1846,17,SC Freiburg,0,3,AwayWin
502402,2024-09-21T13:30:00Z,4,12,SV Werder Bremen,5,FC Bayern München,0,5,AwayWin
502404,2024-09-21T13:30:00Z,4,28,1. FC Union Berlin,2,TSG 1899 Hoffenheim,2,1,HomeWin
502405,2024-09-21T13:30:00Z,4,36,VfL Bochum 1848,720,Holstein Kiel,2,2,Draw
502400,2024-09-21T16:30:00Z,4,19,Eintracht Frankfurt,18,Borussia Mönchengladbach,2,0,HomeWin
502398,2024-09-22T13:30:00Z,4,3,Bayer 04 Leverkusen,11,VfL Wolfsburg,4,3,HomeWin
502399,2024-09-22T15:30:00Z,4,10,VfB Stuttgart,4,Borussia Dortmund,5,1,HomeWin
502406,2024-09-22T17:30:00Z,4,20,FC St. Pauli 1910,721,RB Leipzig,0,0,Draw
502409,2024-09-27T18:30:00Z,5,4,Borussia Dortmund,36,VfL Bochum 1848,4,2,HomeWin
502408,2024-09-28T13:30:00Z,5,721,RB Leipzig,16,FC Augsburg,4,0,HomeWin
502411,2024-09-28T13:30:00Z,5,17,SC Freiburg,20,FC St. Pauli 1910,0,3,AwayWin
502412,2024-09-28T13:30:00Z,5,11,VfL Wolfsburg,10,VfB Stuttgart,2,2,Draw
502413,2024-09-28T13:30:00Z,5,15,1. FSV Mainz 05,44,1. FC Heidenheim 1846,0,2,AwayWin
502414,2024-09-28T13:30:00Z,5,18,Borussia Mönchengladbach,28,1. FC Union Berlin,1,0,HomeWin
502407,2024-09-28T16:30:00Z,5,5,FC Bayern München,3,Bayer 04 Leverkusen,1,1,Draw
502415,2024-09-29T13:30:00Z,5,720,Holstein Kiel,19,Eintracht Frankfurt,2,4,AwayWin
502410,2024-09-29T15:30:00Z,5,2,TSG 1899 Hoffenheim,12,SV Werder Bremen,3,4,AwayWin
502421,2024-10-04T18:30:00Z,6,16,FC Augsburg,18,Borussia Mönchengladbach,2,1,HomeWin
502416,2024-10-05T13:30:00Z,6,3,Bayer 04 Leverkusen,720,Holstein Kiel,2,2,Draw
502420,2024-10-05T13:30:00Z,6,12,SV Werder Bremen,17,SC Freiburg,0,1,AwayWin
502422,2024-10-05T13:30:00Z,6,28,1. FC Union Berlin,4,Borussia Dortmund,2,1,HomeWin
502423,2024-10-05T13:30:00Z,6,36,VfL Bochum 1848,11,VfL Wolfsburg,1,3,AwayWin
502424,2024-10-05T16:30:00Z,6,20,FC St. Pauli 1910,15,1. FSV Mainz 05,0,3,AwayWin
502419,2024-10-06T13:30:00Z,6,44,1. FC Heidenheim 1846,721,RB Leipzig,0,1,AwayWin
502418,2024-10-06T15:30:00Z,6,19,Eintracht Frankfurt,5,FC Bayern München,3,3,Draw
502417,2024-10-06T17:30:00Z,6,10,VfB Stuttgart,2,TSG 1899 Hoffenheim,1,1,Draw
502427,2024-10-18T18:30:00Z,7,4,Borussia Dortmund,20,FC St. Pauli 1910,2,1,HomeWin
502425,2024-10-19T13:30:00Z,7,3,Bayer 04 Leverkusen,19,Eintracht Frankfurt,2,1,HomeWin
502428,2024-10-19T13:30:00Z,7,2,TSG 1899 Hoffenheim,36,VfL Bochum 1848,3,1,HomeWin
502429,2024-10-19T13:30:00Z,7,17,SC Freiburg,16,FC Augsburg,3,1,HomeWin
502431,2024-10-19T13:30:00Z,7,15,1. FSV Mainz 05,721,RB Leipzig,0,2,AwayWin
502432,2024-10-19T13:30:00Z,7,18,Borussia Mönchengladbach,44,1. FC Heidenheim 1846,3,2,HomeWin
502426,2024-10-19T16:30:00Z,7,5,FC Bayern München,10,VfB Stuttgart,4,0,HomeWin
502433,2024-10-20T13:30:00Z,7,720,Holstein Kiel,28,1. FC Union Berlin,0,2,AwayWin
502430,2024-10-20T15:30:00Z,7,11,VfL Wolfsburg,12,SV Werder Bremen,2,4,AwayWin
502439,2024-10-25T18:30:00Z,8,15,1. FSV Mainz 05,18,Borussia Mönchengladbach,1,1,Draw
502434,2024-10-26T13:30:00Z,8,10,VfB Stuttgart,720,Holstein Kiel,2,1,HomeWin
502435,2024-10-26T13:30:00Z,8,721,RB Leipzig,17,SC Freiburg,3,1,HomeWin
502438,2024-10-26T13:30:00Z,8,16,FC Augsburg,4,Borussia Dortmund,2,1,HomeWin
502442,2024-10-26T13:30:00Z,8,20,FC St. Pauli 1910,11,VfL Wolfsburg,0,0,Draw
502437,2024-10-26T16:30:00Z,8,12,SV Werder Bremen,3,Bayer 04 Leverkusen,2,2,Draw
502441,2024-10-27T14:30:00Z,8,36,VfL Bochum 1848,5,FC Bayern München,0,5,AwayWin
502440,2024-10-27T16:30:00Z,8,28,1. FC Union Berlin,19,Eintracht Frankfurt,1,1,Draw
502436,2024-10-27T18:30:00Z,8,44,1. FC Heidenheim 1846,2,TSG 1899 Hoffenheim,0,0,Draw
502443,2024-11-01T19:30:00Z,9,3,Bayer 04 Leverkusen,10,VfB Stuttgart,0,0,Draw
502444,2024-11-02T14:30:00Z,9,5,FC Bayern München,28,1. FC Union Berlin,3,0,HomeWin
502446,2024-11-02T14:30:00Z,9,19,Eintracht Frankfurt,36,VfL Bochum 1848,7,2,HomeWin
502447,2024-11-02T14:30:00Z,9,2,TSG 1899 Hoffenheim,20,FC St. Pauli 1910,0,2,AwayWin
502449,2024-11-02T14:30:00Z,9,11,VfL Wolfsburg,16,FC Augsburg,1,1,Draw
502451,2024-11-02T14:30:00Z,9,720,Holstein Kiel,44,1. FC Heidenheim 1846,1,0,HomeWin
502445,2024-11-02T17:30:00Z,9,4,Borussia Dortmund,721,RB Leipzig,2,1,HomeWin
502448,2024-11-03T14:30:00Z,9,17,SC Freiburg,15,1. FSV Mainz 05,0,0,Draw
502450,2024-11-03T16:30:00Z,9,18,Borussia Mönchengladbach,12,SV Werder Bremen,4,1,HomeWin
502458,2024-11-08T19:30:00Z,10,28,1. FC Union Berlin,17,SC Freiburg,0,0,Draw
502455,2024-11-09T14:30:00Z,10,12,SV Werder Bremen,720,Holstein Kiel,2,1,HomeWin
502457,2024-11-09T14:30:00Z,10,15,1. FSV Mainz 05,4,Borussia Dortmund,3,1,HomeWin
502459,2024-11-09T14:30:00Z,10,36,VfL Bochum 1848,3,Bayer 04 Leverkusen,1,1,Draw
502460,2024-11-09T14:30:00Z,10,20,FC St. Pauli 1910,5,FC Bayern München,0,1,AwayWin
502453,2024-11-09T17:30:00Z,10,721,RB Leipzig,18,Borussia Mönchengladbach,0,0,Draw
502456,2024-11-10T14:30:00Z,10,16,FC Augsburg,2,TSG 1899 Hoffenheim,0,0,Draw
502452,2024-11-10T16:30:00Z,10,10,VfB Stuttgart,19,Eintracht Frankfurt,2,3,AwayWin
502454,2024-11-10T18:30:00Z,10,44,1. FC Heidenheim 1846,11,VfL Wolfsburg,1,3,AwayWin
502463,2024-11-22T19:30:00Z,11,5,FC Bayern München,16,FC Augsburg,3,0,HomeWin
502461,2024-11-23T14:30:00Z,11,3,Bayer 04 Leverkusen,44,1. FC Heidenheim 1846,5,2,HomeWin
502462,2024-11-23T14:30:00Z,11,10,VfB Stuttgart,36,VfL Bochum 1848,2,0,HomeWin
502464,2024-11-23T14:30:00Z,11,4,Borussia Dortmund,17,SC Freiburg,4,0,HomeWin
502466,2024-11-23T14:30:00Z,11,2,TSG 1899 Hoffenheim,721,RB Leipzig,4,3,HomeWin
502467,2024-11-23T14:30:00Z,11,11,VfL Wolfsburg,28,1. FC Union Berlin,1,0,HomeWin
502465,2024-11-23T17:30:00Z,11,19,Eintracht Frankfurt,12,SV Werder Bremen,1,0,HomeWin
502469,2024-11-24T14:30:00Z,11,720,Holstein Kiel,15,1. FSV Mainz 05,0,3,AwayWin
502468,2024-11-24T16:30:00Z,11,18,Borussia Mönchengladbach,20,FC St. Pauli 1910,2,0,HomeWin
502478,2024-11-29T19:30:00Z,12,20,FC St. Pauli 1910,720,Holstein Kiel,3,1,HomeWin
502470,2024-11-30T14:30:00Z,12,721,RB Leipzig,11,VfL Wolfsburg,1,5,AwayWin
502473,2024-11-30T14:30:00Z,12,12,SV Werder Bremen,10,VfB Stuttgart,2,2,Draw
502474,2024-11-30T14:30:00Z,12,17,SC Freiburg,18,Borussia Mönchengladbach,3,1,HomeWin
502475,2024-11-30T14:30:00Z,12,16,FC Augsburg,36,VfL Bochum 1848,1,0,HomeWin
502477,2024-11-30T14:30:00Z,12,28,1. FC Union Berlin,3,Bayer 04 Leverkusen,1,2,AwayWin
502471,2024-11-30T17:30:00Z,12,4,Borussia Dortmund,5,FC Bayern München,1,1,Draw
502476,2024-12-01T14:30:00Z,12,15,1. FSV Mainz 05,2,TSG 1899 Hoffenheim,2,0,HomeWin
502472,2024-12-01T16:30:00Z,12,44,1. FC Heidenheim 1846,19,Eintracht Frankfurt,0,4,AwayWin
502480,2024-12-06T19:30:00Z,13,10,VfB Stuttgart,28,1. FC Union Berlin,3,2,HomeWin
502479,2024-12-07T14:30:00Z,13,3,Bayer 04 Leverkusen,20,FC St. Pauli 1910,2,1,HomeWin
502481,2024-12-07T14:30:00Z,13,5,FC Bayern München,44,1. FC Heidenheim 1846,4,2,HomeWin
502482,2024-12-07T14:30:00Z,13,19,Eintracht Frankfurt,16,FC Augsburg,2,2,Draw
502486,2024-12-07T14:30:00Z,13,36,VfL Bochum 1848,12,SV Werder Bremen,0,1,AwayWin
502487,2024-12-07T14:30:00Z,13,720,Holstein Kiel,721,RB Leipzig,0,2,AwayWin
502485,2024-12-07T17:30:00Z,13,18,Borussia Mönchengladbach,4,Borussia Dortmund,1,1,Draw
502484,2024-12-08T14:30:00Z,13,11,VfL Wolfsburg,15,1. FSV Mainz 05,4,3,HomeWin
502483,2024-12-08T16:30:00Z,13,2,TSG 1899 Hoffenheim,17,SC Freiburg,1,1,Draw
502491,2024-12-13T19:30:00Z,14,17,SC Freiburg,11,VfL Wolfsburg,3,2,HomeWin
502492,2024-12-14T14:30:00Z,14,15,1. FSV Mainz 05,5,FC Bayern München,2,1,HomeWin
502493,2024-12-14T14:30:00Z,14,18,Borussia Mönchengladbach,720,Holstein Kiel,4,1,HomeWin
502496,2024-12-14T14:30:00Z,14,16,FC Augsburg,3,Bayer 04 Leverkusen,0,2,AwayWin
502495,2024-12-14T17:30:00Z,14,20,FC St. Pauli 1910,12,SV Werder Bremen,0,2,AwayWin
502490,2024-12-15T14:30:00Z,14,44,1. FC Heidenheim 1846,10,VfB Stuttgart,1,3,AwayWin
502489,2024-12-15T16:30:00Z,14,4,Borussia Dortmund,2,TSG 1899 Hoffenheim,1,1,Draw
502488,2024-12-15T18:30:00Z,14,721,RB Leipzig,19,Eintracht Frankfurt,2,1,HomeWin
502499,2024-12-20T19:30:00Z,15,5,FC Bayern München,721,RB Leipzig,5,1,HomeWin
502498,2024-12-21T14:30:00Z,15,10,VfB Stuttgart,20,FC St. Pauli 1910,0,1,AwayWin
502500,2024-12-21T14:30:00Z,15,19,Eintracht Frankfurt,15,1. FSV Mainz 05,1,3,AwayWin
502501,2024-12-21T14:30:00Z,15,2,TSG 1899 Hoffenheim,18,Borussia Mönchengladbach,1,2,AwayWin
502502,2024-12-21T14:30:00Z,15,12,SV Werder Bremen,28,1. FC Union Berlin,4,1,HomeWin
502505,2024-12-21T14:30:00Z,15,720,Holstein Kiel,16,FC Augsburg,5,1,HomeWin
502497,2024-12-21T17:30:00Z,15,3,Bayer 04 Leverkusen,17,SC Freiburg,5,1,HomeWin
502504,2024-12-22T14:30:00Z,15,36,VfL Bochum 1848,44,1. FC Heidenheim 1846,2,0,HomeWin
502503,2024-12-22T16:30:00Z,15,11,VfL Wolfsburg,4,Borussia Dortmund,1,3,AwayWin
502507,2025-01-10T19:45:00Z,16,4,Borussia Dortmund,3,Bayer 04 Leverkusen,2,3,AwayWin
502508,2025-01-11T14:30:00Z,16,2,TSG 1899 Hoffenheim,11,VfL Wolfsburg,0,1,AwayWin
502509,2025-01-11T14:30:00Z,16,44,1. FC Heidenheim 1846,28,1. FC Union Berlin,2,0,HomeWin
502510,2025-01-11T14:30:00Z,16,17,SC Freiburg,720,Holstein Kiel,3,2,HomeWin
502512,2025-01-11T14:30:00Z,16,15,1. FSV Mainz 05,36,VfL Bochum 1848,2,0,HomeWin
502514,2025-01-11T14:30:00Z,16,20,FC St. Pauli 1910,19,Eintracht Frankfurt,0,1,AwayWin
502513,2025-01-11T17:30:00Z,16,18,Borussia Mönchengladbach,5,FC Bayern München,0,1,AwayWin
502506,2025-01-12T14:30:00Z,16,721,RB Leipzig,12,SV Werder Bremen,4,2,HomeWin
502511,2025-01-12T16:30:00Z,16,16,FC Augsburg,10,VfB Stuttgart,0,1,AwayWin
502523,2025-01-14T17:30:00Z,17,720,Holstein Kiel,4,Borussia Dortmund,4,2,HomeWin
502515,2025-01-14T19:30:00Z,17,3,Bayer 04 Leverkusen,15,1. FSV Mainz 05,1,0,HomeWin
502518,2025-01-14T19:30:00Z,17,19,Eintracht Frankfurt,17,SC Freiburg,4,1,HomeWin
502520,2025-01-14T19:30:00Z,17,11,VfL Wolfsburg,18,Borussia Mönchengladbach,5,1,HomeWin
502522,2025-01-15T17:30:00Z,17,36,VfL Bochum 1848,20,FC St. Pauli 1910,1,0,HomeWin
502516,2025-01-15T19:30:00Z,17,10,VfB Stuttgart,721,RB Leipzig,2,1,HomeWin
502517,2025-01-15T19:30:00Z,17,5,FC Bayern München,2,TSG 1899 Hoffenheim,5,0,HomeWin
502519,2025-01-15T19:30:00Z,17,12,SV Werder Bremen,44,1. FC Heidenheim 1846,3,3,Draw
502521,2025-01-15T19:30:00Z,17,28,1. FC Union Berlin,16,FC Augsburg,0,2,AwayWin
502526,2025-01-17T19:30:00Z,18,19,Eintracht Frankfurt,4,Borussia Dortmund,2,0,HomeWin
502528,2025-01-18T14:30:00Z,18,10,VfB Stuttgart,17,SC Freiburg,4,0,HomeWin
502530,2025-01-18T14:30:00Z,18,5,FC Bayern München,11,VfL Wolfsburg,3,2,HomeWin
502532,2025-01-18T14:30:00Z,18,44,1. FC Heidenheim 1846,20,FC St. Pauli 1910,0,2,AwayWin
502525,2025-01-18T14:30:00Z,18,36,VfL Bochum 1848,721,RB Leipzig,3,3,Draw
502527,2025-01-18T14:30:00Z,18,720,Holstein Kiel,2,TSG 1899 Hoffenheim,1,3,AwayWin
502524,2025-01-18T17:30:00Z,18,3,Bayer 04 Leverkusen,18,Borussia Mönchengladbach,3,1,HomeWin
502531,2025-01-19T14:30:00Z,18,28,1. FC Union Berlin,15,1. FSV Mainz 05,2,1,HomeWin
502529,2025-01-19T16:30:00Z,18,12,SV Werder Bremen,16,FC Augsburg,0,2,AwayWin
502541,2025-01-24T19:30:00Z,19,11,VfL Wolfsburg,720,Holstein Kiel,2,2,Draw
502533,2025-01-25T14:30:00Z,19,721,RB Leipzig,3,Bayer 04 Leverkusen,2,2,Draw
502534,2025-01-25T14:30:00Z,19,15,1. FSV Mainz 05,10,VfB Stuttgart,2,0,HomeWin
502535,2025-01-25T14:30:00Z,19,17,SC Freiburg,5,FC Bayern München,1,2,AwayWin
502537,2025-01-25T14:30:00Z,19,16,FC Augsburg,44,1. FC Heidenheim 1846,2,1,HomeWin
502538,2025-01-25T14:30:00Z,19,4,Borussia Dortmund,12,SV Werder Bremen,2,2,Draw
502540,2025-01-25T17:30:00Z,19,18,Borussia Mönchengladbach,36,VfL Bochum 1848,3,0,HomeWin
502536,2025-01-26T14:30:00Z,19,2,TSG 1899 Hoffenheim,19,Eintracht Frankfurt,2,2,Draw
502539,2025-01-26T16:30:00Z,19,20,FC St. Pauli 1910,28,1. FC Union Berlin,3,0,HomeWin
502548,2025-01-31T19:30:00Z,20,12,SV Werder Bremen,15,1. FSV Mainz 05,1,0,HomeWin
502543,2025-02-01T14:30:00Z,20,44,1. FC Heidenheim 1846,4,Borussia Dortmund,1,2,AwayWin
502545,2025-02-01T14:30:00Z,20,36,VfL Bochum 1848,17,SC Freiburg,0,1,AwayWin
502546,2025-02-01T14:30:00Z,20,20,FC St. Pauli 1910,16,FC Augsburg,1,1,Draw
502549,2025-02-01T14:30:00Z,20,10,VfB Stuttgart,18,Borussia Mönchengladbach,1,2,AwayWin
502550,2025-02-01T14:30:00Z,20,5,FC Bayern München,720,Holstein Kiel,4,3,HomeWin
502542,2025-02-01T17:30:00Z,20,28,1. FC Union Berlin,721,RB Leipzig,0,0,Draw
502547,2025-02-02T14:30:00Z,20,19,Eintracht Frankfurt,11,VfL Wolfsburg,1,1,Draw
502544,2025-02-02T16:30:00Z,20,3,Bayer 04 Leverkusen,2,TSG 1899 Hoffenheim,3,1,HomeWin
502555,2025-02-07T19:30:00Z,21,5,FC Bayern München,12,SV Werder Bremen,3,0,HomeWin
502551,2025-02-08T14:30:00Z,21,11,VfL Wolfsburg,3,Bayer 04 Leverkusen,0,0,Draw
502552,2025-02-08T14:30:00Z,21,4,Borussia Dortmund,10,VfB Stuttgart,1,2,AwayWin
502554,2025-02-08T14:30:00Z,21,17,SC Freiburg,44,1. FC Heidenheim 1846,1,0,HomeWin
502556,2025-02-08T14:30:00Z,21,15,1. FSV Mainz 05,16,FC Augsburg,0,0,Draw
502557,2025-02-08T14:30:00Z,21,2,TSG 1899 Hoffenheim,28,1. FC Union Berlin,0,4,AwayWin
502553,2025-02-08T17:30:00Z,21,18,Borussia Mönchengladbach,19,Eintracht Frankfurt,1,1,Draw
502558,2025-02-09T14:30:00Z,21,720,Holstein Kiel,36,VfL Bochum 1848,2,2,Draw
502559,2025-02-09T16:30:00Z,21,721,RB Leipzig,20,FC St. Pauli 1910,2,0,HomeWin
502561,2025-02-14T19:30:00Z,22,16,FC Augsburg,721,RB Leipzig,0,0,Draw
502562,2025-02-15T14:30:00Z,22,36,VfL Bochum 1848,4,Borussia Dortmund,2,0,HomeWin
502564,2025-02-15T14:30:00Z,22,20,FC St. Pauli 1910,17,SC Freiburg,0,1,AwayWin
502565,2025-02-15T14:30:00Z,22,10,VfB Stuttgart,11,VfL Wolfsburg,1,2,AwayWin
502567,2025-02-15T14:30:00Z,22,28,1. FC Union Berlin,18,Borussia Mönchengladbach,1,2,AwayWin
502560,2025-02-15T17:30:00Z,22,3,Bayer 04 Leverkusen,5,FC Bayern München,0,0,Draw
502563,2025-02-16T14:30:00Z,22,12,SV Werder Bremen,2,TSG 1899 Hoffenheim,1,3,AwayWin
502568,2025-02-16T16:30:00Z,22,19,Eintracht Frankfurt,720,Holstein Kiel,3,1,HomeWin
502566,2025-02-16T18:30:00Z,22,44,1. FC Heidenheim 1846,15,1. FSV Mainz 05,0,2,AwayWin
502573,2025-02-21T19:30:00Z,23,17,SC Freiburg,12,SV Werder Bremen,5,0,HomeWin
502569,2025-02-22T14:30:00Z,23,720,Holstein Kiel,3,Bayer 04 Leverkusen,0,2,AwayWin
502574,2025-02-22T14:30:00Z,23,18,Borussia Mönchengladbach,16,FC Augsburg,0,3,AwayWin
502576,2025-02-22T14:30:00Z,23,11,VfL Wolfsburg,36,VfL Bochum 1848,1,1,Draw
502577,2025-02-22T14:30:00Z,23,15,1. FSV Mainz 05,20,FC St. Pauli 1910,2,0,HomeWin
502575,2025-02-22T17:30:00Z,23,4,Borussia Dortmund,28,1. FC Union Berlin,6,0,HomeWin
502572,2025-02-23T14:30:00Z,23,721,RB Leipzig,44,1. FC Heidenheim 1846,2,2,Draw
502571,2025-02-23T16:30:00Z,23,5,FC Bayern München,19,Eintracht Frankfurt,4,0,HomeWin
502570,2025-02-23T18:30:00Z,23,2,TSG 1899 Hoffenheim,10,VfB Stuttgart,1,1,Draw
502579,2025-02-28T19:30:00Z,24,10,VfB Stuttgart,5,FC Bayern München,1,3,AwayWin
502580,2025-03-01T14:30:00Z,24,20,FC St. Pauli 1910,4,Borussia Dortmund,0,2,AwayWin
502581,2025-03-01T14:30:00Z,24,36,VfL Bochum 1848,2,TSG 1899 Hoffenheim,0,1,AwayWin
502583,2025-03-01T14:30:00Z,24,12,SV Werder Bremen,11,VfL Wolfsburg,1,2,AwayWin
502584,2025-03-01T14:30:00Z,24,721,RB Leipzig,15,1. FSV Mainz 05,1,2,AwayWin
502585,2025-03-01T14:30:00Z,24,44,1. FC Heidenheim 1846,18,Borussia Mönchengladbach,0,3,AwayWin
502578,2025-03-01T17:30:00Z,24,19,Eintracht Frankfurt,3,Bayer 04 Leverkusen,1,4,AwayWin
502586,2025-03-02T14:30:00Z,24,28,1. FC Union Berlin,720,Holstein Kiel,0,1,AwayWin
502582,2025-03-02T16:30:00Z,24,16,FC Augsburg,17,SC Freiburg,0,0,Draw
502592,2025-03-07T19:30:00Z,25,18,Borussia Mönchengladbach,15,1. FSV Mainz 05,1,3,AwayWin
502587,2025-03-08T14:30:00Z,25,720,Holstein Kiel,10,VfB Stuttgart,2,2,Draw
502590,2025-03-08T14:30:00Z,25,3,Bayer 04 Leverkusen,12,SV Werder Bremen,0,2,AwayWin
502591,2025-03-08T14:30:00Z,25,4,Borussia Dortmund,16,FC Augsburg,0,1,AwayWin
502594,2025-03-08T14:30:00Z,25,5,FC Bayern München,36,VfL Bochum 1848,2,3,AwayWin
502595,2025-03-08T14:30:00Z,25,11,VfL Wolfsburg,20,FC St. Pauli 1910,1,1,Draw
502588,2025-03-08T17:30:00Z,25,17,SC Freiburg,721,RB Leipzig,0,0,Draw
502593,2025-03-09T14:30:00Z,25,19,Eintracht Frankfurt,28,1. FC Union Berlin,1,2,AwayWin
502589,2025-03-09T16:30:00Z,25,2,TSG 1899 Hoffenheim,44,1. FC Heidenheim 1846,1,1,Draw
502600,2025-03-14T19:30:00Z,26,20,FC St. Pauli 1910,2,TSG 1899 Hoffenheim,1,0,HomeWin
502597,2025-03-15T14:30:00Z,26,28,1. FC Union Berlin,5,FC Bayern München,1,1,Draw
502601,2025-03-15T14:30:00Z,26,15,1. FSV Mainz 05,17,SC Freiburg,2,2,Draw
502602,2025-03-15T14:30:00Z,26,16,FC Augsburg,11,VfL Wolfsburg,1,0,HomeWin
502603,2025-03-15T14:30:00Z,26,12,SV Werder Bremen,18,Borussia Mönchengladbach,2,4,AwayWin
502598,2025-03-15T17:30:00Z,26,721,RB Leipzig,4,Borussia Dortmund,2,0,HomeWin
502599,2025-03-16T15:20:00Z,26,36,VfL Bochum 1848,19,Eintracht Frankfurt,1,3,AwayWin
502604,2025-03-16T16:30:00Z,26,44,1. FC Heidenheim 1846,720,Holstein Kiel,3,1,HomeWin
502596,2025-03-16T18:30:00Z,26,10,VfB Stuttgart,3,Bayer 04 Leverkusen,3,4,AwayWin
502612,2025-03-28T19:30:00Z,27,3,Bayer 04 Leverkusen,36,VfL Bochum 1848,3,1,HomeWin
502606,2025-03-29T14:30:00Z,27,18,Borussia Mönchengladbach,721,RB Leipzig,1,0,HomeWin
502607,2025-03-29T14:30:00Z,27,11,VfL Wolfsburg,44,1. FC Heidenheim 1846,0,1,AwayWin
502608,2025-03-29T14:30:00Z,27,720,Holstein Kiel,12,SV Werder Bremen,0,3,AwayWin
502609,2025-03-29T14:30:00Z,27,2,TSG 1899 Hoffenheim,16,FC Augsburg,1,1,Draw
502613,2025-03-29T14:30:00Z,27,5,FC Bayern München,20,FC St. Pauli 1910,3,2,HomeWin
502605,2025-03-29T17:30:00Z,27,19,Eintracht Frankfurt,10,VfB Stuttgart,1,0,HomeWin
502611,2025-03-30T13:30:00Z,27,17,SC Freiburg,28,1. FC Union Berlin,1,2,AwayWin
502610,2025-03-30T15:30:00Z,27,4,Borussia Dortmund,15,1. FSV Mainz 05,3,1,HomeWin
502616,2025-04-04T18:30:00Z,28,16,FC Augsburg,5,FC Bayern München,1,3,AwayWin
502614,2025-04-05T13:30:00Z,28,44,1. FC Heidenheim 1846,3,Bayer 04 Leverkusen,0,1,AwayWin
502615,2025-04-05T13:30:00Z,28,36,VfL Bochum 1848,10,VfB Stuttgart,0,4,AwayWin
502617,2025-04-05T13:30:00Z,28,17,SC Freiburg,4,Borussia Dortmund,1,4,AwayWin
502619,2025-04-05T13:30:00Z,28,721,RB Leipzig,2,TSG 1899 Hoffenheim,3,1,HomeWin
502622,2025-04-05T13:30:00Z,28,15,1. FSV Mainz 05,720,Holstein Kiel,1,1,Draw
502618,2025-04-05T16:30:00Z,28,12,SV Werder Bremen,19,Eintracht Frankfurt,2,0,HomeWin
502621,2025-04-06T13:30:00Z,28,20,FC St. Pauli 1910,18,Borussia Mönchengladbach,1,1,Draw
502620,2025-04-06T15:30:00Z,28,28,1. FC Union Berlin,11,VfL Wolfsburg,1,0,HomeWin
502623,2025-04-11T18:30:00Z,29,11,VfL Wolfsburg,721,RB Leipzig,2,3,AwayWin
502627,2025-04-12T13:30:00Z,29,18,Borussia Mönchengladbach,17,SC Freiburg,1,2,AwayWin
502628,2025-04-12T13:30:00Z,29,36,VfL Bochum 1848,16,FC Augsburg,1,2,AwayWin
502629,2025-04-12T13:30:00Z,29,2,TSG 1899 Hoffenheim,15,1. FSV Mainz 05,2,0,HomeWin
502630,2025-04-12T13:30:00Z,29,3,Bayer 04 Leverkusen,28,1. FC Union Berlin,0,0,Draw
502631,2025-04-12T13:30:00Z,29,720,Holstein Kiel,20,FC St. Pauli 1910,1,2,AwayWin
502624,2025-04-12T16:30:00Z,29,5,FC Bayern München,4,Borussia Dortmund,2,2,Draw
502626,2025-04-13T13:30:00Z,29,10,VfB Stuttgart,12,SV Werder Bremen,1,2,AwayWin
502625,2025-04-13T15:30:00Z,29,19,Eintracht Frankfurt,44,1. FC Heidenheim 1846,3,0,HomeWin
502634,2025-04-19T13:30:00Z,30,44,1. FC Heidenheim 1846,5,FC Bayern München,0,4,AwayWin
502636,2025-04-19T13:30:00Z,30,17,SC Freiburg,2,TSG 1899 Hoffenheim,3,2,HomeWin
502637,2025-04-19T13:30:00Z,30,15,1. FSV Mainz 05,11,VfL Wolfsburg,2,2,Draw
502639,2025-04-19T13:30:00Z,30,12,SV Werder Bremen,36,VfL Bochum 1848,1,0,HomeWin
502640,2025-04-19T13:30:00Z,30,721,RB Leipzig,720,Holstein Kiel,1,1,Draw
502633,2025-04-19T16:30:00Z,30,28,1. FC Union Berlin,10,VfB Stuttgart,4,4,Draw
502635,2025-04-20T13:30:00Z,30,16,FC Augsburg,19,Eintracht Frankfurt,0,0,Draw
502638,2025-04-20T15:30:00Z,30,4,Borussia Dortmund,18,Borussia Mönchengladbach,3,2,HomeWin
502632,2025-04-20T17:30:00Z,30,20,FC St. Pauli 1910,3,Bayer 04 Leverkusen,1,1,Draw
502643,2025-04-25T18:30:00Z,31,10,VfB Stuttgart,44,1. FC Heidenheim 1846,0,1,AwayWin
502642,2025-04-26T13:30:00Z,31,2,TSG 1899 Hoffenheim,4,Borussia Dortmund,2,3,AwayWin
502644,2025-04-26T13:30:00Z,31,11,VfL Wolfsburg,17,SC Freiburg,0,1,AwayWin
502645,2025-04-26T13:30:00Z,31,5,FC Bayern München,15,1. FSV Mainz 05,3,0,HomeWin
502646,2025-04-26T13:30:00Z,31,720,Holstein Kiel,18,Borussia Mönchengladbach,4,3,HomeWin
502649,2025-04-26T13:30:00Z,31,3,Bayer 04 Leverkusen,16,FC Augsburg,2,0,HomeWin
502641,2025-04-26T16:30:00Z,31,19,Eintracht Frankfurt,721,RB Leipzig,4,0,HomeWin
502647,2025-04-27T13:30:00Z,31,36,VfL Bochum 1848,28,1. FC Union Berlin,1,1,Draw
502648,2025-04-27T15:30:00Z,31,12,SV Werder Bremen,20,FC St. Pauli 1910,0,0,Draw
502657,2025-05-02T18:30:00Z,32,44,1. FC Heidenheim 1846,36,VfL Bochum 1848,0,0,Draw
502651,2025-05-03T13:30:00Z,32,20,FC St. Pauli 1910,10,VfB Stuttgart,0,1,AwayWin
502652,2025-05-03T13:30:00Z,32,721,RB Leipzig,5,FC Bayern München,3,3,Draw
502654,2025-05-03T13:30:00Z,32,18,Borussia Mönchengladbach,2,TSG 1899 Hoffenheim,4,4,Draw
502655,2025-05-03T13:30:00Z,32,28,1. FC Union Berlin,12,SV Werder Bremen,2,2,Draw
502656,2025-05-03T16:30:00Z,32,4,Borussia Dortmund,11,VfL Wolfsburg,4,0,HomeWin
502658,2025-05-04T13:30:00Z,32,16,FC Augsburg,720,Holstein Kiel,1,3,AwayWin
502650,2025-05-04T15:30:00Z,32,17,SC Freiburg,3,Bayer 04 Leverkusen,2,2,Draw
502653,2025-05-04T17:30:00Z,32,15,1. FSV Mainz 05,19,Eintracht Frankfurt,1,1,Draw
502661,2025-05-09T18:30:00Z,33,11,VfL Wolfsburg,2,TSG 1899 Hoffenheim,2,2,Draw
502659,2025-05-10T13:30:00Z,33,12,SV Werder Bremen,721,RB Leipzig,0,0,Draw
502662,2025-05-10T13:30:00Z,33,28,1. FC Union Berlin,44,1. FC Heidenheim 1846,0,3,AwayWin
502663,2025-05-10T13:30:00Z,33,720,Holstein Kiel,17,SC Freiburg,1,2,AwayWin
502665,2025-05-10T13:30:00Z,33,36,VfL Bochum 1848,15,1. FSV Mainz 05,1,4,AwayWin
502666,2025-05-10T16:30:00Z,33,5,FC Bayern München,18,Borussia Mönchengladbach,2,0,HomeWin
502660,2025-05-11T13:30:00Z,33,3,Bayer 04 Leverkusen,4,Borussia Dortmund,2,4,AwayWin
502667,2025-05-11T15:30:00Z,33,19,Eintracht Frankfurt,20,FC St. Pauli 1910,2,2,Draw
502664,2025-05-11T17:30:00Z,33,10,VfB Stuttgart,16,FC Augsburg,4,0,HomeWin
502668,2025-05-17T13:30:00Z,34,15,1. FSV Mainz 05,3,Bayer 04 Leverkusen,2,2,Draw
502669,2025-05-17T13:30:00Z,34,721,RB Leipzig,10,VfB Stuttgart,2,3,AwayWin
502670,2025-05-17T13:30:00Z,34,2,TSG 1899 Hoffenheim,5,FC Bayern München,0,4,AwayWin
502671,2025-05-17T13:30:00Z,34,17,SC Freiburg,19,Eintracht Frankfurt,1,3,AwayWin
502672,2025-05-17T13:30:00Z,34,44,1. FC Heidenheim 1846,12,SV Werder Bremen,1,4,AwayWin
502673,2025-05-17T13:30:00Z,34,18,Borussia Mönchengladbach,11,VfL Wolfsburg,0,1,AwayWin
502674,2025-05-17T13:30:00Z,34,16,FC Augsburg,28,1. FC Union Berlin,1,2,AwayWin
502675,2025-05-17T13:30:00Z,34,20,FC St. Pauli 1910,36,VfL Bochum 1848,0,2,AwayWin
502676,2025-05-17T13:30:00Z,34,4,Borussia Dortmund,720,Holstein Kiel,3,0,HomeWin
540406,2025-08-22T18:30:00Z,1,5,FC Bayern München,721,RB Leipzig,6,0,HomeWin
540407,2025-08-23T13:30:00Z,1,19,Eintracht Frankfurt,12,SV Werder Bremen,4,1,HomeWin
540408,2025-08-23T13:30:00Z,1,3,Bayer 04 Leverkusen,2,TSG 1899 Hoffenheim,1,2,AwayWin
540409,2025-08-23T13:30:00Z,1,17,SC Freiburg,16,FC Augsburg,1,3,AwayWin
540412,2025-08-23T13:30:00Z,1,28,1. FC Union Berlin,10,VfB Stuttgart,2,1,HomeWin
540414,2025-08-23T13:30:00Z,1,44,1. FC Heidenheim 1846,11,VfL Wolfsburg,1,3,AwayWin
540413,2025-08-23T16:30:00Z,1,20,FC St. Pauli 1910,4,Borussia Dortmund,3,3,Draw
540410,2025-08-24T13:30:00Z,1,15,1. FSV Mainz 05,1,1. FC Köln,0,1,AwayWin
540411,2025-08-24T15:30:00Z,1,18,Borussia Mönchengladbach,7,Hamburger SV,0,0,Draw
540423,2025-08-29T18:30:00Z,2,7,Hamburger SV,20,FC St. Pauli 1910,0,2,AwayWin
540416,2025-08-30T13:30:00Z,2,721,RB Leipzig,44,1. FC Heidenheim 1846,2,0,HomeWin
540417,2025-08-30T13:30:00Z,2,12,SV Werder Bremen,3,Bayer 04 Leverkusen,3,3,Draw
540418,2025-08-30T13:30:00Z,2,10,VfB Stuttgart,18,Borussia Mönchengladbach,1,0,HomeWin
540421,2025-08-30T13:30:00Z,2,2,TSG 1899 Hoffenheim,19,Eintracht Frankfurt,1,3,AwayWin
540420,2025-08-30T16:30:00Z,2,16,FC Augsburg,5,FC Bayern München,2,3,AwayWin
540419,2025-08-31T13:30:00Z,2,11,VfL Wolfsburg,15,1. FSV Mainz 05,1,1,Draw
540415,2025-08-31T15:30:00Z,2,4,Borussia Dortmund,28,1. FC Union Berlin,3,0,HomeWin
540422,2025-08-31T17:30:00Z,2,1,1. FC Köln,17,SC Freiburg,4,1,HomeWin
540425,2025-09-12T18:30:00Z,3,3,Bayer 04 Leverkusen,19,Eintracht Frankfurt,3,1,HomeWin
540426,2025-09-13T13:30:00Z,3,17,SC Freiburg,10,VfB Stuttgart,3,1,HomeWin
540427,2025-09-13T13:30:00Z,3,15,1. FSV Mainz 05,721,RB Leipzig,0,1,AwayWin
540429,2025-09-13T13:30:00Z,3,11,VfL Wolfsburg,1,1. FC Köln,3,3,Draw
540430,2025-09-13T13:30:00Z,3,28,1. FC Union Berlin,2,TSG 1899 Hoffenheim,2,4,AwayWin
540432,2025-09-13T13:30:00Z,3,44,1. FC Heidenheim 1846,4,Borussia Dortmund,0,2,AwayWin
540424,2025-09-13T16:30:00Z,3,5,FC Bayern München,7,Hamburger SV,5,0,HomeWin
540431,2025-09-14T13:30:00Z,3,20,FC St. Pauli 1910,16,FC Augsburg,2,1,HomeWin
540428,2025-09-14T15:30:00Z,3,18,Borussia Mönchengladbach,12,SV Werder Bremen,0,4,AwayWin
540438,2025-09-19T18:30:00Z,4,10,VfB Stuttgart,20,FC St. Pauli 1910,2,0,HomeWin
540437,2025-09-20T13:30:00Z,4,12,SV Werder Bremen,17,SC Freiburg,0,3,AwayWin
540439,2025-09-20T13:30:00Z,4,16,FC Augsburg,15,1. FSV Mainz 05,1,4,AwayWin
540440,2025-09-20T13:30:00Z,4,2,TSG 1899 Hoffenheim,5,FC Bayern München,1,4,AwayWin
540441,2025-09-20T13:30:00Z,4,7,Hamburger SV,44,1. FC Heidenheim 1846,2,1,HomeWin
540436,2025-09-20T16:30:00Z,4,721,RB Leipzig,1,1. FC Köln,3,1,HomeWin
540434,2025-09-21T13:30:00Z,4,19,Eintracht Frankfurt,28,1. FC Union Berlin,3,4,AwayWin
540433,2025-09-21T15:30:00Z,4,3,Bayer 04 Leverkusen,18,Borussia Mönchengladbach,1,1,Draw
540435,2025-09-21T17:30:00Z,4,4,Borussia Dortmund,11,VfL Wolfsburg,1,0,HomeWin
